datetime,view
2022-06-10 15:55:34,30
2022-06-10 15:55:35,49
2022-06-10 15:55:36,59
2022-06-10 15:55:37,67
2022-06-10 15:55:38,54
2022-06-10 15:55:39,47
2022-06-10 15:55:40,54
2022-06-10 15:55:41,49
2022-06-10 15:55:42,41
2022-06-10 15:55:43,44
2022-06-10 15:55:44,55
2022-06-10 15:55:45,56
2022-06-10 15:55:46,43
2022-06-10 15:55:47,26
2022-06-10 15:55:48,10
2022-06-10 15:55:49,46
2022-06-10 15:55:50,56
2022-06-10 15:55:51,53
2022-06-10 15:55:52,65
2022-06-10 15:55:53,71
2022-06-10 15:55:54,62
2022-06-10 15:55:55,55
2022-06-10 15:55:56,53
2022-06-10 15:55:57,50
2022-06-10 15:55:58,52
2022-06-10 15:55:59,55
2022-06-10 15:56:00,78
2022-06-10 15:56:01,65
2022-06-10 15:56:02,53
2022-06-10 15:56:03,55
2022-06-10 15:56:04,46
2022-06-10 15:56:05,54
2022-06-10 15:56:06,61
2022-06-10 15:56:07,66
2022-06-10 15:56:08,64
2022-06-10 15:56:09,55
2022-06-10 15:56:10,57
2022-06-10 15:56:11,70
2022-06-10 15:56:12,73
2022-06-10 15:56:13,60
2022-06-10 15:56:14,61
2022-06-10 15:56:15,61
2022-06-10 15:56:16,58
2022-06-10 15:56:17,51
2022-06-10 15:56:18,41
2022-06-10 15:56:19,41
2022-06-10 15:56:20,29
2022-06-10 15:56:21,31
2022-06-10 15:56:22,40
2022-06-10 15:56:23,47
2022-06-10 15:56:24,63
2022-06-10 15:56:25,58
2022-06-10 15:56:26,55
2022-06-10 15:56:27,51
2022-06-10 15:56:28,60
2022-06-10 15:56:29,58
2022-06-10 15:56:30,56
2022-06-10 15:56:31,44
2022-06-10 15:56:32,42
2022-06-10 15:56:33,43
2022-06-10 15:56:34,38
2022-06-10 15:56:35,41
2022-06-10 15:56:36,33
2022-06-10 15:56:37,48
2022-06-10 15:56:38,53
2022-06-10 15:56:39,52
2022-06-10 15:56:40,42
2022-06-10 15:56:41,36
2022-06-10 15:56:42,45
2022-06-10 15:56:43,51
2022-06-10 15:56:44,53
2022-06-10 15:56:45,45
2022-06-10 15:56:46,43
2022-06-10 15:56:47,39
2022-06-10 15:56:48,44
2022-06-10 15:56:49,46
2022-06-10 15:56:50,36
2022-06-10 15:56:51,37
2022-06-10 15:56:52,31
2022-06-10 15:56:53,35
2022-06-10 15:56:54,42
2022-06-10 15:56:55,48
2022-06-10 15:56:56,51
2022-06-10 15:56:57,50
2022-06-10 15:56:58,52
2022-06-10 15:56:59,45
2022-06-10 15:57:00,30
2022-06-10 15:57:01,29
2022-06-10 15:57:02,29
2022-06-10 15:57:03,40
2022-06-10 15:57:04,51
2022-06-10 15:57:05,48
2022-06-10 15:57:06,37
2022-06-10 15:57:07,30
2022-06-10 15:57:08,46
2022-06-10 15:57:09,54
2022-06-10 15:57:10,51
2022-06-10 15:57:11,46
2022-06-10 15:57:12,42
2022-06-10 15:57:13,46
2022-06-10 15:57:14,56
2022-06-10 15:57:15,58
2022-06-10 15:57:16,56
2022-06-10 15:57:17,62
2022-06-10 15:57:18,52
2022-06-10 15:57:19,35
2022-06-10 15:57:20,37
2022-06-10 15:57:21,52
2022-06-10 15:57:22,50
2022-06-10 15:57:23,34
2022-06-10 15:57:24,48
2022-06-10 15:57:25,47
2022-06-10 15:57:26,45
2022-06-10 15:57:27,44
2022-06-10 15:57:28,47
2022-06-10 15:57:29,51
2022-06-10 15:57:30,50
2022-06-10 15:57:31,38
2022-06-10 15:57:32,37
2022-06-10 15:57:33,41
2022-06-10 15:57:34,50
2022-06-10 15:57:35,51
2022-06-10 15:57:36,40
2022-06-10 15:57:37,44
2022-06-10 15:57:38,45
2022-06-10 15:57:39,28
2022-06-10 15:57:40,39
2022-06-10 15:57:41,44
2022-06-10 15:57:42,39
2022-06-10 15:57:43,38
2022-06-10 15:57:44,37
2022-06-10 15:57:45,41
2022-06-10 15:57:46,37
2022-06-10 15:57:47,41
2022-06-10 15:57:48,45
2022-06-10 15:57:49,40
2022-06-10 15:57:50,32
2022-06-10 15:57:51,17
2022-06-10 15:57:52,23
2022-06-10 15:57:53,24
2022-06-10 15:57:54,19
2022-06-10 15:57:55,25
2022-06-10 15:57:56,48
2022-06-10 15:57:57,41
2022-06-10 15:57:58,39
2022-06-10 15:57:59,42
2022-06-10 15:58:00,31
2022-06-10 15:58:01,28
2022-06-10 15:58:02,29
2022-06-10 15:58:03,26
2022-06-10 15:58:04,25
2022-06-10 15:58:05,35
2022-06-10 15:58:06,31
2022-06-10 15:58:07,23
2022-06-10 15:58:08,34
2022-06-10 15:58:09,32
2022-06-10 15:58:10,28
2022-06-10 15:58:11,29
2022-06-10 15:58:12,32
2022-06-10 15:58:13,33
2022-06-10 15:58:14,30
2022-06-10 15:58:15,38
2022-06-10 15:58:16,35
2022-06-10 15:58:17,39
2022-06-10 15:58:18,31
2022-06-10 15:58:19,26
2022-06-10 15:58:20,27
2022-06-10 15:58:21,24
2022-06-10 15:58:22,20
2022-06-10 15:58:23,21
2022-06-10 15:58:24,25
2022-06-10 15:58:25,23
2022-06-10 15:58:26,38
2022-06-10 15:58:27,33
2022-06-10 15:58:28,30
2022-06-10 15:58:29,41
2022-06-10 15:58:30,40
2022-06-10 15:58:31,33
2022-06-10 15:58:32,34
2022-06-10 15:58:33,25
2022-06-10 15:58:34,22
2022-06-10 15:58:35,25
2022-06-10 15:58:36,23
2022-06-10 15:58:37,26
2022-06-10 15:58:38,36
2022-06-10 15:58:39,38
2022-06-10 15:58:40,33
2022-06-10 15:58:41,38
2022-06-10 15:58:42,37
2022-06-10 15:58:43,35
2022-06-10 15:58:44,39
2022-06-10 15:58:45,31
2022-06-10 15:58:46,24
2022-06-10 15:58:47,19
2022-06-10 15:58:48,23
2022-06-10 15:58:49,25
2022-06-10 15:58:50,24
2022-06-10 15:58:51,31
2022-06-10 15:58:52,23
2022-06-10 15:58:53,15
2022-06-10 15:58:54,13
2022-06-10 15:58:55,12
2022-06-10 15:58:56,24
2022-06-10 15:58:57,32
2022-06-10 15:58:58,45
2022-06-10 15:58:59,37
2022-06-10 15:59:00,23
2022-06-10 15:59:01,19
2022-06-10 15:59:02,23
2022-06-10 15:59:03,30
2022-06-10 15:59:04,33
2022-06-10 15:59:05,22
2022-06-10 15:59:06,19
2022-06-10 15:59:07,22
2022-06-10 15:59:08,22
2022-06-10 15:59:09,19
2022-06-10 15:59:10,23
2022-06-10 15:59:11,16
2022-06-10 15:59:12,16
2022-06-10 15:59:13,28
2022-06-10 15:59:14,29
2022-06-10 15:59:15,23
2022-06-10 15:59:16,26
2022-06-10 15:59:17,25
2022-06-10 15:59:18,23
2022-06-10 15:59:19,32
2022-06-10 15:59:20,35
2022-06-10 15:59:21,21
2022-06-10 15:59:22,16
2022-06-10 15:59:23,18
2022-06-10 15:59:24,14
2022-06-10 15:59:25,21
2022-06-10 15:59:26,24
2022-06-10 15:59:27,17
2022-06-10 15:59:28,13
2022-06-10 15:59:29,21
2022-06-10 15:59:30,29
2022-06-10 15:59:31,37
2022-06-10 15:59:32,39
2022-06-10 15:59:33,38
2022-06-10 15:59:34,31
2022-06-10 15:59:35,24
2022-06-10 15:59:36,17
2022-06-10 15:59:37,22
2022-06-10 15:59:38,16
2022-06-10 15:59:39,16
2022-06-10 15:59:40,24
2022-06-10 15:59:41,17
2022-06-10 15:59:42,14
2022-06-10 15:59:43,33
2022-06-10 15:59:44,34
2022-06-10 15:59:45,23
2022-06-10 15:59:46,21
2022-06-10 15:59:47,31
2022-06-10 15:59:48,26
2022-06-10 15:59:49,18
2022-06-10 15:59:50,20
2022-06-10 15:59:51,16
2022-06-10 15:59:52,15
2022-06-10 15:59:53,21
2022-06-10 15:59:54,27
2022-06-10 15:59:55,27
2022-06-10 15:59:56,22
2022-06-10 15:59:57,19
2022-06-10 15:59:58,23
2022-06-10 15:59:59,15
2022-06-10 16:00:00,11
2022-06-10 16:00:01,13
2022-06-10 16:00:02,16
2022-06-10 16:00:03,19
2022-06-10 16:00:04,28
2022-06-10 16:00:05,29
2022-06-10 16:00:06,33
2022-06-10 16:00:07,31
2022-06-10 16:00:08,23
2022-06-10 16:00:09,24
2022-06-10 16:00:10,32
2022-06-10 16:00:11,25
2022-06-10 16:00:12,21
2022-06-10 16:00:13,20
2022-06-10 16:00:14,15
2022-06-10 16:00:15,9
2022-06-10 16:00:16,22
2022-06-10 16:00:17,26
2022-06-10 16:00:18,25
2022-06-10 16:00:19,20
2022-06-10 16:00:20,14
2022-06-10 16:00:21,11
2022-06-10 16:00:22,20
2022-06-10 16:00:23,18
2022-06-10 16:00:24,19
2022-06-10 16:00:25,21
2022-06-10 16:00:26,14
2022-06-10 16:00:27,21
2022-06-10 16:00:28,24
2022-06-10 16:00:29,19
2022-06-10 16:00:30,21
2022-06-10 16:00:31,30
2022-06-10 16:00:32,30
2022-06-10 16:00:33,26
2022-06-10 16:00:34,20
2022-06-10 16:00:35,18
2022-06-10 16:00:36,25
2022-06-10 16:00:37,17
2022-06-10 16:00:38,18
2022-06-10 16:00:39,17
2022-06-10 16:00:40,11
2022-06-10 16:00:41,9
2022-06-10 16:00:42,14
2022-06-10 16:00:43,10
2022-06-10 16:00:44,12
2022-06-10 16:00:45,16
2022-06-10 16:00:46,22
2022-06-10 16:00:47,21
2022-06-10 16:00:48,10
2022-06-10 16:00:49,13
2022-06-10 16:00:50,16
2022-06-10 16:00:51,14
2022-06-10 16:00:52,17
2022-06-10 16:00:53,14
2022-06-10 16:00:54,15
2022-06-10 16:00:55,18
2022-06-10 16:00:56,21
2022-06-10 16:00:57,31
2022-06-10 16:00:58,32
2022-06-10 16:00:59,29
2022-06-10 16:01:00,27
2022-06-10 16:01:01,24
2022-06-10 16:01:02,15
2022-06-10 16:01:03,10
2022-06-10 16:01:04,18
2022-06-10 16:01:05,25
2022-06-10 16:01:06,23
2022-06-10 16:01:07,17
2022-06-10 16:01:08,22
2022-06-10 16:01:09,19
2022-06-10 16:01:10,14
2022-06-10 16:01:11,13
2022-06-10 16:01:12,20
2022-06-10 16:01:13,20
2022-06-10 16:01:14,22
2022-06-10 16:01:15,19
2022-06-10 16:01:16,27
2022-06-10 16:01:17,25
2022-06-10 16:01:18,25
2022-06-10 16:01:19,34
2022-06-10 16:01:20,29
2022-06-10 16:01:21,20
2022-06-10 16:01:22,20
2022-06-10 16:01:23,29
2022-06-10 16:01:24,29
2022-06-10 16:01:25,16
2022-06-10 16:01:26,11
2022-06-10 16:01:27,14
2022-06-10 16:01:28,17
2022-06-10 16:01:29,20
2022-06-10 16:01:30,25
2022-06-10 16:01:31,29
2022-06-10 16:01:32,28
2022-06-10 16:01:33,19
2022-06-10 16:01:34,16
2022-06-10 16:01:35,28
2022-06-10 16:01:36,29
2022-06-10 16:01:37,22
2022-06-10 16:01:38,19
2022-06-10 16:01:39,24
2022-06-10 16:01:40,31
2022-06-10 16:01:41,37
2022-06-10 16:01:42,34
2022-06-10 16:01:43,25
2022-06-10 16:01:44,15
2022-06-10 16:01:45,8
2022-06-10 16:01:46,10
2022-06-10 16:01:47,16
2022-06-10 16:01:48,16
2022-06-10 16:01:49,11
2022-06-10 16:01:50,15
2022-06-10 16:01:51,19
2022-06-10 16:01:52,19
2022-06-10 16:01:53,24
2022-06-10 16:01:54,23
2022-06-10 16:01:55,22
2022-06-10 16:01:56,30
2022-06-10 16:01:57,30
2022-06-10 16:01:58,25
2022-06-10 16:01:59,17
2022-06-10 16:02:00,24
2022-06-10 16:02:01,34
2022-06-10 16:02:02,35
2022-06-10 16:02:03,30
2022-06-10 16:02:04,33
2022-06-10 16:02:05,33
2022-06-10 16:02:06,29
2022-06-10 16:02:07,21
2022-06-10 16:02:08,21
2022-06-10 16:02:09,24
2022-06-10 16:02:10,20
2022-06-10 16:02:11,21
2022-06-10 16:02:12,34
2022-06-10 16:02:13,34
2022-06-10 16:02:14,29
2022-06-10 16:02:15,23
2022-06-10 16:02:16,14
2022-06-10 16:02:17,12
2022-06-10 16:02:18,23
2022-06-10 16:02:19,28
2022-06-10 16:02:20,15
2022-06-10 16:02:21,15
2022-06-10 16:02:22,24
2022-06-10 16:02:23,27
2022-06-10 16:02:24,30
2022-06-10 16:02:25,27
2022-06-10 16:02:26,28
2022-06-10 16:02:27,22
2022-06-10 16:02:28,17
2022-06-10 16:02:29,16
2022-06-10 16:02:30,11
2022-06-10 16:02:31,11
2022-06-10 16:02:32,11
2022-06-10 16:02:33,17
2022-06-10 16:02:34,16
2022-06-10 16:02:35,12
2022-06-10 16:02:36,12
2022-06-10 16:02:37,16
2022-06-10 16:02:38,15
2022-06-10 16:02:39,16
2022-06-10 16:02:40,18
2022-06-10 16:02:41,13
2022-06-10 16:02:42,11
2022-06-10 16:02:43,14
2022-06-10 16:02:44,19
2022-06-10 16:02:45,34
2022-06-10 16:02:46,30
2022-06-10 16:02:47,21
2022-06-10 16:02:48,15
2022-06-10 16:02:49,18
2022-06-10 16:02:50,17
2022-06-10 16:02:51,16
2022-06-10 16:02:52,16
2022-06-10 16:02:53,14
2022-06-10 16:02:54,17
2022-06-10 16:02:55,25
2022-06-10 16:02:56,24
2022-06-10 16:02:57,17
2022-06-10 16:02:58,13
2022-06-10 16:02:59,20
2022-06-10 16:03:00,22
2022-06-10 16:03:01,23
2022-06-10 16:03:02,26
2022-06-10 16:03:03,24
2022-06-10 16:03:04,26
2022-06-10 16:03:05,32
2022-06-10 16:03:06,25
2022-06-10 16:03:07,23
2022-06-10 16:03:08,22
2022-06-10 16:03:09,24
2022-06-10 16:03:10,20
2022-06-10 16:03:11,19
2022-06-10 16:03:12,16
2022-06-10 16:03:13,21
2022-06-10 16:03:14,19
2022-06-10 16:03:15,24
2022-06-10 16:03:16,44
2022-06-10 16:03:17,43
2022-06-10 16:03:18,30
2022-06-10 16:03:19,24
2022-06-10 16:03:20,23
2022-06-10 16:03:21,18
2022-06-10 16:03:22,16
2022-06-10 16:03:23,22
2022-06-10 16:03:24,49
2022-06-10 16:03:25,50
2022-06-10 16:03:26,34
2022-06-10 16:03:27,28
2022-06-10 16:03:28,29
2022-06-10 16:03:29,32
2022-06-10 16:03:30,27
2022-06-10 16:03:31,18
2022-06-10 16:03:32,34
2022-06-10 16:03:33,34
2022-06-10 16:03:34,32
2022-06-10 16:03:35,37
2022-06-10 16:03:36,37
2022-06-10 16:03:37,38
2022-06-10 16:03:38,34
2022-06-10 16:03:39,20
2022-06-10 16:03:40,9
2022-06-10 16:03:41,10
2022-06-10 16:03:42,17
2022-06-10 16:03:43,19
2022-06-10 16:03:44,25
2022-06-10 16:03:45,22
2022-06-10 16:03:46,21
2022-06-10 16:03:47,28
2022-06-10 16:03:48,31
2022-06-10 16:03:49,24
2022-06-10 16:03:50,20
2022-06-10 16:03:51,30
2022-06-10 16:03:52,37
2022-06-10 16:03:53,41
2022-06-10 16:03:54,45
2022-06-10 16:03:55,47
2022-06-10 16:03:56,39
2022-06-10 16:03:57,35
2022-06-10 16:03:58,49
2022-06-10 16:03:59,44
2022-06-10 16:04:00,30
2022-06-10 16:04:01,29
2022-06-10 16:04:02,30
2022-06-10 16:04:03,23
2022-06-10 16:04:04,17
2022-06-10 16:04:05,21
2022-06-10 16:04:06,32
2022-06-10 16:04:07,31
2022-06-10 16:04:08,22
2022-06-10 16:04:09,23
2022-06-10 16:04:10,23
2022-06-10 16:04:11,26
2022-06-10 16:04:12,36
2022-06-10 16:04:13,32
2022-06-10 16:04:14,26
2022-06-10 16:04:15,29
2022-06-10 16:04:16,33
2022-06-10 16:04:17,30
2022-06-10 16:04:18,21
2022-06-10 16:04:19,25
2022-06-10 16:04:20,30
2022-06-10 16:04:21,36
2022-06-10 16:04:22,35
2022-06-10 16:04:23,31
2022-06-10 16:04:24,28
2022-06-10 16:04:25,28
2022-06-10 16:04:26,29
2022-06-10 16:04:27,23
2022-06-10 16:04:28,19
2022-06-10 16:04:29,20
2022-06-10 16:04:30,28
2022-06-10 16:04:31,26
2022-06-10 16:04:32,16
2022-06-10 16:04:33,15
2022-06-10 16:04:34,16
2022-06-10 16:04:35,13
2022-06-10 16:04:36,18
2022-06-10 16:04:37,17
2022-06-10 16:04:38,21
2022-06-10 16:04:39,30
2022-06-10 16:04:40,30
2022-06-10 16:04:41,19
2022-06-10 16:04:42,26
2022-06-10 16:04:43,23
2022-06-10 16:04:44,21
2022-06-10 16:04:45,22
2022-06-10 16:04:46,19
2022-06-10 16:04:47,19
2022-06-10 16:04:48,19
2022-06-10 16:04:49,22
2022-06-10 16:04:50,22
2022-06-10 16:04:51,26
2022-06-10 16:04:52,33
2022-06-10 16:04:53,28
2022-06-10 16:04:54,29
2022-06-10 16:04:55,30
2022-06-10 16:04:56,37
2022-06-10 16:04:57,42
2022-06-10 16:04:58,44
2022-06-10 16:04:59,50
2022-06-10 16:05:00,38
2022-06-10 16:05:01,34
2022-06-10 16:05:02,33
2022-06-10 16:05:03,31
2022-06-10 16:05:04,39
2022-06-10 16:05:05,50
2022-06-10 16:05:06,36
2022-06-10 16:05:07,27
2022-06-10 16:05:08,22
2022-06-10 16:05:09,35
2022-06-10 16:05:10,35
2022-06-10 16:05:11,43
2022-06-10 16:05:12,39
2022-06-10 16:05:13,29
2022-06-10 16:05:14,34
2022-06-10 16:05:15,36
2022-06-10 16:05:16,25
2022-06-10 16:05:17,25
2022-06-10 16:05:18,28
2022-06-10 16:05:19,42
2022-06-10 16:05:20,48
2022-06-10 16:05:21,30
2022-06-10 16:05:22,31
2022-06-10 16:05:23,31
2022-06-10 16:05:24,39
2022-06-10 16:05:25,41
2022-06-10 16:05:26,34
2022-06-10 16:05:27,31
2022-06-10 16:05:28,31
2022-06-10 16:05:29,45
2022-06-10 16:05:30,46
2022-06-10 16:05:31,36
2022-06-10 16:05:32,30
2022-06-10 16:05:33,32
2022-06-10 16:05:34,33
2022-06-10 16:05:35,37
2022-06-10 16:05:36,33
2022-06-10 16:05:37,32
2022-06-10 16:05:38,52
2022-06-10 16:05:39,45
2022-06-10 16:05:40,45
2022-06-10 16:05:41,58
2022-06-10 16:05:42,52
2022-06-10 16:05:43,53
2022-06-10 16:05:44,57
2022-06-10 16:05:45,41
2022-06-10 16:05:46,35
2022-06-10 16:05:47,34
2022-06-10 16:05:48,38
2022-06-10 16:05:49,30
2022-06-10 16:05:50,35
2022-06-10 16:05:51,42
2022-06-10 16:05:52,40
2022-06-10 16:05:53,44
2022-06-10 16:05:54,38
2022-06-10 16:05:55,27
2022-06-10 16:05:56,28
2022-06-10 16:05:57,48
2022-06-10 16:05:58,49
2022-06-10 16:05:59,41
2022-06-10 16:06:00,41
2022-06-10 16:06:01,42
2022-06-10 16:06:02,38
2022-06-10 16:06:03,36
2022-06-10 16:06:04,45
2022-06-10 16:06:05,52
2022-06-10 16:06:06,48
2022-06-10 16:06:07,48
2022-06-10 16:06:08,49
2022-06-10 16:06:09,40
2022-06-10 16:06:10,53
2022-06-10 16:06:11,56
2022-06-10 16:06:12,54
2022-06-10 16:06:13,46
2022-06-10 16:06:14,46
2022-06-10 16:06:15,48
2022-06-10 16:06:16,42
2022-06-10 16:06:17,34
2022-06-10 16:06:18,45
2022-06-10 16:06:19,49
2022-06-10 16:06:20,39
2022-06-10 16:06:21,51
2022-06-10 16:06:22,54
2022-06-10 16:06:23,59
2022-06-10 16:06:24,61
2022-06-10 16:06:25,67
2022-06-10 16:06:26,64
2022-06-10 16:06:27,52
2022-06-10 16:06:28,41
2022-06-10 16:06:29,44
2022-06-10 16:06:30,36
2022-06-10 16:06:31,51
2022-06-10 16:06:32,58
2022-06-10 16:06:33,57
2022-06-10 16:06:34,58
2022-06-10 16:06:35,53
2022-06-10 16:06:36,63
2022-06-10 16:06:37,66
2022-06-10 16:06:38,49
2022-06-10 16:06:39,51
2022-06-10 16:06:40,56
2022-06-10 16:06:41,58
2022-06-10 16:06:42,65
2022-06-10 16:06:43,66
2022-06-10 16:06:44,61
2022-06-10 16:06:45,61
2022-06-10 16:06:46,50
2022-06-10 16:06:47,54
2022-06-10 16:06:48,68
2022-06-10 16:06:49,76
2022-06-10 16:06:50,73
2022-06-10 16:06:51,55
2022-06-10 16:06:52,37
2022-06-10 16:06:53,46
2022-06-10 16:06:54,59
2022-06-10 16:06:55,70
2022-06-10 16:06:56,53
2022-06-10 16:06:57,67
2022-06-10 16:06:58,60
2022-06-10 16:06:59,51
2022-06-10 16:07:00,52
2022-06-10 16:07:01,43
2022-06-10 16:07:02,33
2022-06-10 16:07:03,39
2022-06-10 16:07:04,49
2022-06-10 16:07:05,46
2022-06-10 16:07:06,46
2022-06-10 16:07:07,39
2022-06-10 16:07:08,30
2022-06-10 16:07:09,35
2022-06-10 16:07:10,45
2022-06-10 16:07:11,48
2022-06-10 16:07:12,51
2022-06-10 16:07:13,38
2022-06-10 16:07:14,38
2022-06-10 16:07:15,42
2022-06-10 16:07:16,41
2022-06-10 16:07:17,42
2022-06-10 16:07:18,54
2022-06-10 16:07:19,40
2022-06-10 16:07:20,41
2022-06-10 16:07:21,50
2022-06-10 16:07:22,52
2022-06-10 16:07:23,52
2022-06-10 16:07:24,46
2022-06-10 16:07:25,34
2022-06-10 16:07:26,34
2022-06-10 16:07:27,43
2022-06-10 16:07:28,59
2022-06-10 16:07:29,57
2022-06-10 16:07:30,46
2022-06-10 16:07:31,43
2022-06-10 16:07:32,43
2022-06-10 16:07:33,47
2022-06-10 16:07:34,47
2022-06-10 16:07:35,51
2022-06-10 16:07:36,44
2022-06-10 16:07:37,41
2022-06-10 16:07:38,38
2022-06-10 16:07:39,39
2022-06-10 16:07:40,45
2022-06-10 16:07:41,43
2022-06-10 16:07:42,56
2022-06-10 16:07:43,63
2022-06-10 16:07:44,54
2022-06-10 16:07:45,47
2022-06-10 16:07:46,42
2022-06-10 16:07:47,43
2022-06-10 16:07:48,43
2022-06-10 16:07:49,33
2022-06-10 16:07:50,44
2022-06-10 16:07:51,49
2022-06-10 16:07:52,53
2022-06-10 16:07:53,55
2022-06-10 16:07:54,46
2022-06-10 16:07:55,58
2022-06-10 16:07:56,67
2022-06-10 16:07:57,57
2022-06-10 16:07:58,47
2022-06-10 16:07:59,62
2022-06-10 16:08:00,79
2022-06-10 16:08:01,85
2022-06-10 16:08:02,75
2022-06-10 16:08:03,57
2022-06-10 16:08:04,36
2022-06-10 16:08:05,25
2022-06-10 16:08:06,33
2022-06-10 16:08:07,36
2022-06-10 16:08:08,17
2022-06-10 16:08:09,4
2022-06-10 16:08:10,3
2022-06-10 16:08:11,0
2022-06-10 16:08:12,0
2022-06-10 16:08:13,1
2022-06-10 16:08:14,0
2022-06-10 16:08:15,0
2022-06-10 16:08:16,0
2022-06-10 16:08:17,0
2022-06-10 16:08:18,1
2022-06-10 16:08:19,5
2022-06-10 16:08:20,39
2022-06-10 16:08:21,66
2022-06-10 16:08:22,56
2022-06-10 16:08:23,48
2022-06-10 16:08:24,56
2022-06-10 16:08:25,57
2022-06-10 16:08:26,55
2022-06-10 16:08:27,52
2022-06-10 16:08:28,55
2022-06-10 16:08:29,48
2022-06-10 16:08:30,47
2022-06-10 16:08:31,39
2022-06-10 16:08:32,53
2022-06-10 16:08:33,61
2022-06-10 16:08:34,44
2022-06-10 16:08:35,55
2022-06-10 16:08:36,50
2022-06-10 16:08:37,50
2022-06-10 16:08:38,49
2022-06-10 16:08:39,48
2022-06-10 16:08:40,56
2022-06-10 16:08:41,50
2022-06-10 16:08:42,44
2022-06-10 16:08:43,49
2022-06-10 16:08:44,49
2022-06-10 16:08:45,40
2022-06-10 16:08:46,26
2022-06-10 16:08:47,34
2022-06-10 16:08:48,48
2022-06-10 16:08:49,55
2022-06-10 16:08:50,50
2022-06-10 16:08:51,44
2022-06-10 16:08:52,49
2022-06-10 16:08:53,45
2022-06-10 16:08:54,47
2022-06-10 16:08:55,59
2022-06-10 16:08:56,59
2022-06-10 16:08:57,48
2022-06-10 16:08:58,40
2022-06-10 16:08:59,40
2022-06-10 16:09:00,53
2022-06-10 16:09:01,46
2022-06-10 16:09:02,46
2022-06-10 16:09:03,48
2022-06-10 16:09:04,38
2022-06-10 16:09:05,29
2022-06-10 16:09:06,33
2022-06-10 16:09:07,30
2022-06-10 16:09:08,30
2022-06-10 16:09:09,30
2022-06-10 16:09:10,28
2022-06-10 16:09:11,32
2022-06-10 16:09:12,46
2022-06-10 16:09:13,44
2022-06-10 16:09:14,28
2022-06-10 16:09:15,23
2022-06-10 16:09:16,31
2022-06-10 16:09:17,36
2022-06-10 16:09:18,38
2022-06-10 16:09:19,51
2022-06-10 16:09:20,60
2022-06-10 16:09:21,53
2022-06-10 16:09:22,59
2022-06-10 16:09:23,62
2022-06-10 16:09:24,50
2022-06-10 16:09:25,58
2022-06-10 16:09:26,53
2022-06-10 16:09:27,60
2022-06-10 16:09:28,66
2022-06-10 16:09:29,55
2022-06-10 16:09:30,41
2022-06-10 16:09:31,46
2022-06-10 16:09:32,47
2022-06-10 16:09:33,39
2022-06-10 16:09:34,34
2022-06-10 16:09:35,49
2022-06-10 16:09:36,62
2022-06-10 16:09:37,42
2022-06-10 16:09:38,38
2022-06-10 16:09:39,39
2022-06-10 16:09:40,48
2022-06-10 16:09:41,63
2022-06-10 16:09:42,43
2022-06-10 16:09:43,29
2022-06-10 16:09:44,37
2022-06-10 16:09:45,39
2022-06-10 16:09:46,35
2022-06-10 16:09:47,53
2022-06-10 16:09:48,55
2022-06-10 16:09:49,51
2022-06-10 16:09:50,46
2022-06-10 16:09:51,47
2022-06-10 16:09:52,60
2022-06-10 16:09:53,48
2022-06-10 16:09:54,36
2022-06-10 16:09:55,37
2022-06-10 16:09:56,36
2022-06-10 16:09:57,39
2022-06-10 16:09:58,34
2022-06-10 16:09:59,36
2022-06-10 16:10:00,37
2022-06-10 16:10:01,35
2022-06-10 16:10:02,37
2022-06-10 16:10:03,31
2022-06-10 16:10:04,31
2022-06-10 16:10:05,30
2022-06-10 16:10:06,36
2022-06-10 16:10:07,42
2022-06-10 16:10:08,42
2022-06-10 16:10:09,49
2022-06-10 16:10:10,52
2022-06-10 16:10:11,48
2022-06-10 16:10:12,47
2022-06-10 16:10:13,50
2022-06-10 16:10:14,57
2022-06-10 16:10:15,50
2022-06-10 16:10:16,49
2022-06-10 16:10:17,62
2022-06-10 16:10:18,64
2022-06-10 16:10:19,52
2022-06-10 16:10:20,54
2022-06-10 16:10:21,44
2022-06-10 16:10:22,35
2022-06-10 16:10:23,43
2022-06-10 16:10:24,43
2022-06-10 16:10:25,44
2022-06-10 16:10:26,55
2022-06-10 16:10:27,59
2022-06-10 16:10:28,74
2022-06-10 16:10:29,71
2022-06-10 16:10:30,60
2022-06-10 16:10:31,60
2022-06-10 16:10:32,51
2022-06-10 16:10:33,42
2022-06-10 16:10:34,41
2022-06-10 16:10:35,44
2022-06-10 16:10:36,53
2022-06-10 16:10:37,54
2022-06-10 16:10:38,46
2022-06-10 16:10:39,37
2022-06-10 16:10:40,42
2022-06-10 16:10:41,42
2022-06-10 16:10:42,36
2022-06-10 16:10:43,31
2022-06-10 16:10:44,41
2022-06-10 16:10:45,35
2022-06-10 16:10:46,34
2022-06-10 16:10:47,44
2022-06-10 16:10:48,50
2022-06-10 16:10:49,39
2022-06-10 16:10:50,48
2022-06-10 16:10:51,51
2022-06-10 16:10:52,42
2022-06-10 16:10:53,49
2022-06-10 16:10:54,61
2022-06-10 16:10:55,58
2022-06-10 16:10:56,45
2022-06-10 16:10:57,40
2022-06-10 16:10:58,43
2022-06-10 16:10:59,39
2022-06-10 16:11:00,41
2022-06-10 16:11:01,46
2022-06-10 16:11:02,49
2022-06-10 16:11:03,43
2022-06-10 16:11:04,35
2022-06-10 16:11:05,45
2022-06-10 16:11:06,62
2022-06-10 16:11:07,54
2022-06-10 16:11:08,50
2022-06-10 16:11:09,54
2022-06-10 16:11:10,46
2022-06-10 16:11:11,40
2022-06-10 16:11:12,40
2022-06-10 16:11:13,59
2022-06-10 16:11:14,55
2022-06-10 16:11:15,39
2022-06-10 16:11:16,43
2022-06-10 16:11:17,53
2022-06-10 16:11:18,54
2022-06-10 16:11:19,57
2022-06-10 16:11:20,54
2022-06-10 16:11:21,58
2022-06-10 16:11:22,53
2022-06-10 16:11:23,55
2022-06-10 16:11:24,63
2022-06-10 16:11:25,65
2022-06-10 16:11:26,61
2022-06-10 16:11:27,69
2022-06-10 16:11:28,70
2022-06-10 16:11:29,55
2022-06-10 16:11:30,44
2022-06-10 16:11:31,47
2022-06-10 16:11:32,47
2022-06-10 16:11:33,39
2022-06-10 16:11:34,33
2022-06-10 16:11:35,42
2022-06-10 16:11:36,49
2022-06-10 16:11:37,35
2022-06-10 16:11:38,38
2022-06-10 16:11:39,48
2022-06-10 16:11:40,47
2022-06-10 16:11:41,49
2022-06-10 16:11:42,47
2022-06-10 16:11:43,48
2022-06-10 16:11:44,36
2022-06-10 16:11:45,48
2022-06-10 16:11:46,32
2022-06-10 16:11:47,23
2022-06-10 16:11:48,25
2022-06-10 16:11:49,57
2022-06-10 16:11:50,60
2022-06-10 16:11:51,52
2022-06-10 16:11:52,50
2022-06-10 16:11:53,47
2022-06-10 16:11:54,48
2022-06-10 16:11:55,41
2022-06-10 16:11:56,26
2022-06-10 16:11:57,34
2022-06-10 16:11:58,32
2022-06-10 16:11:59,30
2022-06-10 16:12:00,47
2022-06-10 16:12:01,39
2022-06-10 16:12:02,21
2022-06-10 16:12:03,33
2022-06-10 16:12:04,41
2022-06-10 16:12:05,63
2022-06-10 16:12:06,43
2022-06-10 16:12:07,37
2022-06-10 16:12:08,50
2022-06-10 16:12:09,53
2022-06-10 16:12:10,62
2022-06-10 16:12:11,49
2022-06-10 16:12:12,56
2022-06-10 16:12:13,59
2022-06-10 16:12:14,52
2022-06-10 16:12:15,56
2022-06-10 16:12:16,50
2022-06-10 16:12:17,50
2022-06-10 16:12:18,57
2022-06-10 16:12:19,63
2022-06-10 16:12:20,73
2022-06-10 16:12:21,61
2022-06-10 16:12:22,58
2022-06-10 16:12:23,64
2022-06-10 16:12:24,47
2022-06-10 16:12:25,45
2022-06-10 16:12:26,49
2022-06-10 16:12:27,46
2022-06-10 16:12:28,52
2022-06-10 16:12:29,46
2022-06-10 16:12:30,50
2022-06-10 16:12:31,62
2022-06-10 16:12:32,67
2022-06-10 16:12:33,54
2022-06-10 16:12:34,52
2022-06-10 16:12:35,47
2022-06-10 16:12:36,51
2022-06-10 16:12:37,64
2022-06-10 16:12:38,61
2022-06-10 16:12:39,56
2022-06-10 16:12:40,52
2022-06-10 16:12:41,43
2022-06-10 16:12:42,61
2022-06-10 16:12:43,68
2022-06-10 16:12:44,42
2022-06-10 16:12:45,59
2022-06-10 16:12:46,56
2022-06-10 16:12:47,62
2022-06-10 16:12:48,53
2022-06-10 16:12:49,54
2022-06-10 16:12:50,57
2022-06-10 16:12:51,55
2022-06-10 16:12:52,59
2022-06-10 16:12:53,46
2022-06-10 16:12:54,44
2022-06-10 16:12:55,68
2022-06-10 16:12:56,61
2022-06-10 16:12:57,60
2022-06-10 16:12:58,62
2022-06-10 16:12:59,61
2022-06-10 16:13:00,65
2022-06-10 16:13:01,54
2022-06-10 16:13:02,61
2022-06-10 16:13:03,64
2022-06-10 16:13:04,61
2022-06-10 16:13:05,64
2022-06-10 16:13:06,70
2022-06-10 16:13:07,55
2022-06-10 16:13:08,66
2022-06-10 16:13:09,49
2022-06-10 16:13:10,43
2022-06-10 16:13:11,41
2022-06-10 16:13:12,45
2022-06-10 16:13:13,67
2022-06-10 16:13:14,73
2022-06-10 16:13:15,76
2022-06-10 16:13:16,70
2022-06-10 16:13:17,71
2022-06-10 16:13:18,55
2022-06-10 16:13:19,57
2022-06-10 16:13:20,56
2022-06-10 16:13:21,38
2022-06-10 16:13:22,32
2022-06-10 16:13:23,34
2022-06-10 16:13:24,33
2022-06-10 16:13:25,42
2022-06-10 16:13:26,47
2022-06-10 16:13:27,33
2022-06-10 16:13:28,28
2022-06-10 16:13:29,52
2022-06-10 16:13:30,41
2022-06-10 16:13:31,57
2022-06-10 16:13:32,51
2022-06-10 16:13:33,46
2022-06-10 16:13:34,53
2022-06-10 16:13:35,70
2022-06-10 16:13:36,74
2022-06-10 16:13:37,80
2022-06-10 16:13:38,56
2022-06-10 16:13:39,40
2022-06-10 16:13:40,50
2022-06-10 16:13:41,47
2022-06-10 16:13:42,35
2022-06-10 16:13:43,36
2022-06-10 16:13:44,42
2022-06-10 16:13:45,46
2022-06-10 16:13:46,50
2022-06-10 16:13:47,47
2022-06-10 16:13:48,49
2022-06-10 16:13:49,52
2022-06-10 16:13:50,55
2022-06-10 16:13:51,63
2022-06-10 16:13:52,64
2022-06-10 16:13:53,56
2022-06-10 16:13:54,52
2022-06-10 16:13:55,50
2022-06-10 16:13:56,44
2022-06-10 16:13:57,34
2022-06-10 16:13:58,32
2022-06-10 16:13:59,47
2022-06-10 16:14:00,58
2022-06-10 16:14:01,56
2022-06-10 16:14:02,48
2022-06-10 16:14:03,37
2022-06-10 16:14:04,49
2022-06-10 16:14:05,61
2022-06-10 16:14:06,48
2022-06-10 16:14:07,57
2022-06-10 16:14:08,54
2022-06-10 16:14:09,54
2022-06-10 16:14:10,52
2022-06-10 16:14:11,53
2022-06-10 16:14:12,61
2022-06-10 16:14:13,68
2022-06-10 16:14:14,60
2022-06-10 16:14:15,42
2022-06-10 16:14:16,32
2022-06-10 16:14:17,39
2022-06-10 16:14:18,41
2022-06-10 16:14:19,42
2022-06-10 16:14:20,40
2022-06-10 16:14:21,29
2022-06-10 16:14:22,29
2022-06-10 16:14:23,34
2022-06-10 16:14:24,35
2022-06-10 16:14:25,36
2022-06-10 16:14:26,32
2022-06-10 16:14:27,31
2022-06-10 16:14:28,29
2022-06-10 16:14:29,25
2022-06-10 16:14:30,26
2022-06-10 16:14:31,47
2022-06-10 16:14:32,47
2022-06-10 16:14:33,49
2022-06-10 16:14:34,49
2022-06-10 16:14:35,45
2022-06-10 16:14:36,33
2022-06-10 16:14:37,36
2022-06-10 16:14:38,45
2022-06-10 16:14:39,38
2022-06-10 16:14:40,28
2022-06-10 16:14:41,34
2022-06-10 16:14:42,40
2022-06-10 16:14:43,32
2022-06-10 16:14:44,29
2022-06-10 16:14:45,43
2022-06-10 16:14:46,39
2022-06-10 16:14:47,40
2022-06-10 16:14:48,46
2022-06-10 16:14:49,50
2022-06-10 16:14:50,55
2022-06-10 16:14:51,54
2022-06-10 16:14:52,52
2022-06-10 16:14:53,49
2022-06-10 16:14:54,38
2022-06-10 16:14:55,57
2022-06-10 16:14:56,68
2022-06-10 16:14:57,69
2022-06-10 16:14:58,53
2022-06-10 16:14:59,41
2022-06-10 16:15:00,38
2022-06-10 16:15:01,34
2022-06-10 16:15:02,48
2022-06-10 16:15:03,53
2022-06-10 16:15:04,51
2022-06-10 16:15:05,45
2022-06-10 16:15:06,42
2022-06-10 16:15:07,44
2022-06-10 16:15:08,44
2022-06-10 16:15:09,33
2022-06-10 16:15:10,36
2022-06-10 16:15:11,45
2022-06-10 16:15:12,39
2022-06-10 16:15:13,37
2022-06-10 16:15:14,31
2022-06-10 16:15:15,33
2022-06-10 16:15:16,24
2022-06-10 16:15:17,21
2022-06-10 16:15:18,37
2022-06-10 16:15:19,44
2022-06-10 16:15:20,38
2022-06-10 16:15:21,44
2022-06-10 16:15:22,45
2022-06-10 16:15:23,40
2022-06-10 16:15:24,39
2022-06-10 16:15:25,40
2022-06-10 16:15:26,56
2022-06-10 16:15:27,39
2022-06-10 16:15:28,31
2022-06-10 16:15:29,31
2022-06-10 16:15:30,35
2022-06-10 16:15:31,33
2022-06-10 16:15:32,39
2022-06-10 16:15:33,38
2022-06-10 16:15:34,35
2022-06-10 16:15:35,39
2022-06-10 16:15:36,41
2022-06-10 16:15:37,33
2022-06-10 16:15:38,28
2022-06-10 16:15:39,29
2022-06-10 16:15:40,39
2022-06-10 16:15:41,38
2022-06-10 16:15:42,29
2022-06-10 16:15:43,29
2022-06-10 16:15:44,43
2022-06-10 16:15:45,45
2022-06-10 16:15:46,63
2022-06-10 16:15:47,73
2022-06-10 16:15:48,63
2022-06-10 16:15:49,48
2022-06-10 16:15:50,45
2022-06-10 16:15:51,59
2022-06-10 16:15:52,57
2022-06-10 16:15:53,40
2022-06-10 16:15:54,32
2022-06-10 16:15:55,33
2022-06-10 16:15:56,44
2022-06-10 16:15:57,60
2022-06-10 16:15:58,57
2022-06-10 16:15:59,43
2022-06-10 16:16:00,31
2022-06-10 16:16:01,36
2022-06-10 16:16:02,42
2022-06-10 16:16:03,38
2022-06-10 16:16:04,52
2022-06-10 16:16:05,58
2022-06-10 16:16:06,44
2022-06-10 16:16:07,34
2022-06-10 16:16:08,31
2022-06-10 16:16:09,30
2022-06-10 16:16:10,33
2022-06-10 16:16:11,46
2022-06-10 16:16:12,48
2022-06-10 16:16:13,39
2022-06-10 16:16:14,33
2022-06-10 16:16:15,43
2022-06-10 16:16:16,47
2022-06-10 16:16:17,44
2022-06-10 16:16:18,42
2022-06-10 16:16:19,59
2022-06-10 16:16:20,63
2022-06-10 16:16:21,58
2022-06-10 16:16:22,47
2022-06-10 16:16:23,39
2022-06-10 16:16:24,40
2022-06-10 16:16:25,48
2022-06-10 16:16:26,43
2022-06-10 16:16:27,41
2022-06-10 16:16:28,43
2022-06-10 16:16:29,53
2022-06-10 16:16:30,56
2022-06-10 16:16:31,46
2022-06-10 16:16:32,32
2022-06-10 16:16:33,45
2022-06-10 16:16:34,54
2022-06-10 16:16:35,64
2022-06-10 16:16:36,66
2022-06-10 16:16:37,72
2022-06-10 16:16:38,63
2022-06-10 16:16:39,55
2022-06-10 16:16:40,42
2022-06-10 16:16:41,45
2022-06-10 16:16:42,55
2022-06-10 16:16:43,48
2022-06-10 16:16:44,41
2022-06-10 16:16:45,51
2022-06-10 16:16:46,53
2022-06-10 16:16:47,50
2022-06-10 16:16:48,61
2022-06-10 16:16:49,56
2022-06-10 16:16:50,64
2022-06-10 16:16:51,59
2022-06-10 16:16:52,75
2022-06-10 16:16:53,54
2022-06-10 16:16:54,43
2022-06-10 16:16:55,52
2022-06-10 16:16:56,69
2022-06-10 16:16:57,61
2022-06-10 16:16:58,50
2022-06-10 16:16:59,53
2022-06-10 16:17:00,49
2022-06-10 16:17:01,37
2022-06-10 16:17:02,46
2022-06-10 16:17:03,52
2022-06-10 16:17:04,45
2022-06-10 16:17:05,45
2022-06-10 16:17:06,44
2022-06-10 16:17:07,53
2022-06-10 16:17:08,48
2022-06-10 16:17:09,40
2022-06-10 16:17:10,49
2022-06-10 16:17:11,52
2022-06-10 16:17:12,52
2022-06-10 16:17:13,60
2022-06-10 16:17:14,50
2022-06-10 16:17:15,45
2022-06-10 16:17:16,47
2022-06-10 16:17:17,57
2022-06-10 16:17:18,54
2022-06-10 16:17:19,50
2022-06-10 16:17:20,52
2022-06-10 16:17:21,43
2022-06-10 16:17:22,33
2022-06-10 16:17:23,38
2022-06-10 16:17:24,45
2022-06-10 16:17:25,45
2022-06-10 16:17:26,42
2022-06-10 16:17:27,35
2022-06-10 16:17:28,37
2022-06-10 16:17:29,62
2022-06-10 16:17:30,58
2022-06-10 16:17:31,54
2022-06-10 16:17:32,60
2022-06-10 16:17:33,65
2022-06-10 16:17:34,50
2022-06-10 16:17:35,57
2022-06-10 16:17:36,50
2022-06-10 16:17:37,56
2022-06-10 16:17:38,55
2022-06-10 16:17:39,36
2022-06-10 16:17:40,29
2022-06-10 16:17:41,33
2022-06-10 16:17:42,41
2022-06-10 16:17:43,40
2022-06-10 16:17:44,60
2022-06-10 16:17:45,72
2022-06-10 16:17:46,61
2022-06-10 16:17:47,68
2022-06-10 16:17:48,65
2022-06-10 16:17:49,51
2022-06-10 16:17:50,45
2022-06-10 16:17:51,56
2022-06-10 16:17:52,58
2022-06-10 16:17:53,50
2022-06-10 16:17:54,49
2022-06-10 16:17:55,63
2022-06-10 16:17:56,53
2022-06-10 16:17:57,30
2022-06-10 16:17:58,27
2022-06-10 16:17:59,28
2022-06-10 16:18:00,49
2022-06-10 16:18:01,50
2022-06-10 16:18:02,62
2022-06-10 16:18:03,61
2022-06-10 16:18:04,55
2022-06-10 16:18:05,51
2022-06-10 16:18:06,36
2022-06-10 16:18:07,38
2022-06-10 16:18:08,48
2022-06-10 16:18:09,43
2022-06-10 16:18:10,24
2022-06-10 16:18:11,39
2022-06-10 16:18:12,47
2022-06-10 16:18:13,35
2022-06-10 16:18:14,46
2022-06-10 16:18:15,48
2022-06-10 16:18:16,52
2022-06-10 16:18:17,53
2022-06-10 16:18:18,44
2022-06-10 16:18:19,38
2022-06-10 16:18:20,41
2022-06-10 16:18:21,42
2022-06-10 16:18:22,52
2022-06-10 16:18:23,53
2022-06-10 16:18:24,39
2022-06-10 16:18:25,50
2022-06-10 16:18:26,57
2022-06-10 16:18:27,57
2022-06-10 16:18:28,52
2022-06-10 16:18:29,55
2022-06-10 16:18:30,50
2022-06-10 16:18:31,39
2022-06-10 16:18:32,49
2022-06-10 16:18:33,48
2022-06-10 16:18:34,34
2022-06-10 16:18:35,38
2022-06-10 16:18:36,46
2022-06-10 16:18:37,46
2022-06-10 16:18:38,34
2022-06-10 16:18:39,35
2022-06-10 16:18:40,38
2022-06-10 16:18:41,37
2022-06-10 16:18:42,54
2022-06-10 16:18:43,56
2022-06-10 16:18:44,37
2022-06-10 16:18:45,29
2022-06-10 16:18:46,36
2022-06-10 16:18:47,42
2022-06-10 16:18:48,31
2022-06-10 16:18:49,61
2022-06-10 16:18:50,68
2022-06-10 16:18:51,62
2022-06-10 16:18:52,53
2022-06-10 16:18:53,67
2022-06-10 16:18:54,55
2022-06-10 16:18:55,50
2022-06-10 16:18:56,45
2022-06-10 16:18:57,44
2022-06-10 16:18:58,52
2022-06-10 16:18:59,51
2022-06-10 16:19:00,58
2022-06-10 16:19:01,42
2022-06-10 16:19:02,51
2022-06-10 16:19:03,50
2022-06-10 16:19:04,36
2022-06-10 16:19:05,33
2022-06-10 16:19:06,28
2022-06-10 16:19:07,57
2022-06-10 16:19:08,67
2022-06-10 16:19:09,56
2022-06-10 16:19:10,51
2022-06-10 16:19:11,42
2022-06-10 16:19:12,35
2022-06-10 16:19:13,43
2022-06-10 16:19:14,46
2022-06-10 16:19:15,50
2022-06-10 16:19:16,52
2022-06-10 16:19:17,59
2022-06-10 16:19:18,21
2022-06-10 16:19:19,26
2022-06-10 16:19:20,31
2022-06-10 16:19:21,20
2022-06-10 16:19:22,30
2022-06-10 16:19:23,50
2022-06-10 16:19:24,41
2022-06-10 16:19:25,52
2022-06-10 16:19:26,24
2022-06-10 16:19:27,12
2022-06-10 16:19:28,13
2022-06-10 16:19:29,20
2022-06-10 16:19:30,27
2022-06-10 16:19:31,23
2022-06-10 16:19:32,35
2022-06-10 16:19:33,27
2022-06-10 16:19:34,30
2022-06-10 16:19:35,61
2022-06-10 16:19:36,42
2022-06-10 16:19:37,49
2022-06-10 16:19:38,45
2022-06-10 16:19:39,59
2022-06-10 16:19:40,51
2022-06-10 16:19:41,41
2022-06-10 16:19:42,37
2022-06-10 16:19:43,41
2022-06-10 16:19:44,33
2022-06-10 16:19:45,18
2022-06-10 16:19:46,14
2022-06-10 16:19:47,13
2022-06-10 16:19:48,13
2022-06-10 16:19:49,33
2022-06-10 16:19:50,44
2022-06-10 16:19:51,38
2022-06-10 16:19:52,24
2022-06-10 16:19:53,40
2022-06-10 16:19:54,47
2022-06-10 16:19:55,42
2022-06-10 16:19:56,50
2022-06-10 16:19:57,55
2022-06-10 16:19:58,62
2022-06-10 16:19:59,53
2022-06-10 16:20:00,52
2022-06-10 16:20:01,47
2022-06-10 16:20:02,46
2022-06-10 16:20:03,48
2022-06-10 16:20:04,51
2022-06-10 16:20:05,47
2022-06-10 16:20:06,53
2022-06-10 16:20:07,49
2022-06-10 16:20:08,46
2022-06-10 16:20:09,52
2022-06-10 16:20:10,55
2022-06-10 16:20:11,51
2022-06-10 16:20:12,38
2022-06-10 16:20:13,31
2022-06-10 16:20:14,47
2022-06-10 16:20:15,48
2022-06-10 16:20:16,44
2022-06-10 16:20:17,51
2022-06-10 16:20:18,32
2022-06-10 16:20:19,40
2022-06-10 16:20:20,51
2022-06-10 16:20:21,44
2022-06-10 16:20:22,33
2022-06-10 16:20:23,34
2022-06-10 16:20:24,45
2022-06-10 16:20:25,39
2022-06-10 16:20:26,34
2022-06-10 16:20:27,40
2022-06-10 16:20:28,43
2022-06-10 16:20:29,57
2022-06-10 16:20:30,46
2022-06-10 16:20:31,33
2022-06-10 16:20:32,39
2022-06-10 16:20:33,43
2022-06-10 16:20:34,44
2022-06-10 16:20:35,51
2022-06-10 16:20:36,45
2022-06-10 16:20:37,33
2022-06-10 16:20:38,27
2022-06-10 16:20:39,24
2022-06-10 16:20:40,21
2022-06-10 16:20:41,20
2022-06-10 16:20:42,21
2022-06-10 16:20:43,16
2022-06-10 16:20:44,14
2022-06-10 16:20:45,34
2022-06-10 16:20:46,39
2022-06-10 16:20:47,42
2022-06-10 16:20:48,42
2022-06-10 16:20:49,44
2022-06-10 16:20:50,50
2022-06-10 16:20:51,51
2022-06-10 16:20:52,36
2022-06-10 16:20:53,33
2022-06-10 16:20:54,39
2022-06-10 16:20:55,42
2022-06-10 16:20:56,44
2022-06-10 16:20:57,44
2022-06-10 16:20:58,48
2022-06-10 16:20:59,45
2022-06-10 16:21:00,45
2022-06-10 16:21:01,39
2022-06-10 16:21:02,28
2022-06-10 16:21:03,31
2022-06-10 16:21:04,32
2022-06-10 16:21:05,45
2022-06-10 16:21:06,43
2022-06-10 16:21:07,41
2022-06-10 16:21:08,37
2022-06-10 16:21:09,48
2022-06-10 16:21:10,43
2022-06-10 16:21:11,31
2022-06-10 16:21:12,24
2022-06-10 16:21:13,28
2022-06-10 16:21:14,37
2022-06-10 16:21:15,37
2022-06-10 16:21:16,35
2022-06-10 16:21:17,37
2022-06-10 16:21:18,40
2022-06-10 16:21:19,35
2022-06-10 16:21:20,41
2022-06-10 16:21:21,39
2022-06-10 16:21:22,42
2022-06-10 16:21:23,34
2022-06-10 16:21:24,37
2022-06-10 16:21:25,49
2022-06-10 16:21:26,47
2022-06-10 16:21:27,39
2022-06-10 16:21:28,37
2022-06-10 16:21:29,44
2022-06-10 16:21:30,55
2022-06-10 16:21:31,39
2022-06-10 16:21:32,40
2022-06-10 16:21:33,45
2022-06-10 16:21:34,36
2022-06-10 16:21:35,46
2022-06-10 16:21:36,44
2022-06-10 16:21:37,46
2022-06-10 16:21:38,52
2022-06-10 16:21:39,46
2022-06-10 16:21:40,54
2022-06-10 16:21:41,41
2022-06-10 16:21:42,28
2022-06-10 16:21:43,29
2022-06-10 16:21:44,25
2022-06-10 16:21:45,24
2022-06-10 16:21:46,27
2022-06-10 16:21:47,34
2022-06-10 16:21:48,29
2022-06-10 16:21:49,21
2022-06-10 16:21:50,33
2022-06-10 16:21:51,35
2022-06-10 16:21:52,37
2022-06-10 16:21:53,29
2022-06-10 16:21:54,20
2022-06-10 16:21:55,21
2022-06-10 16:21:56,28
2022-06-10 16:21:57,38
2022-06-10 16:21:58,47
2022-06-10 16:21:59,46
2022-06-10 16:22:00,56
2022-06-10 16:22:01,42
2022-06-10 16:22:02,36
2022-06-10 16:22:03,46
2022-06-10 16:22:04,37
2022-06-10 16:22:05,27
2022-06-10 16:22:06,30
2022-06-10 16:22:07,34
2022-06-10 16:22:08,28
2022-06-10 16:22:09,16
2022-06-10 16:22:10,13
2022-06-10 16:22:11,18
2022-06-10 16:22:12,26
2022-06-10 16:22:13,32
2022-06-10 16:22:14,27
2022-06-10 16:22:15,22
2022-06-10 16:22:16,22
2022-06-10 16:22:17,18
2022-06-10 16:22:18,20
2022-06-10 16:22:19,18
2022-06-10 16:22:20,18
2022-06-10 16:22:21,29
2022-06-10 16:22:22,24
2022-06-10 16:22:23,28
2022-06-10 16:22:24,28
2022-06-10 16:22:25,28
2022-06-10 16:22:26,31
2022-06-10 16:22:27,26
2022-06-10 16:22:28,16
2022-06-10 16:22:29,10
2022-06-10 16:22:30,15
2022-06-10 16:22:31,19
2022-06-10 16:22:32,26
2022-06-10 16:22:33,41
2022-06-10 16:22:34,29
2022-06-10 16:22:35,19
2022-06-10 16:22:36,17
2022-06-10 16:22:37,19
2022-06-10 16:22:38,25
2022-06-10 16:22:39,27
2022-06-10 16:22:40,26
2022-06-10 16:22:41,28
2022-06-10 16:22:42,26
2022-06-10 16:22:43,15
2022-06-10 16:22:44,16
2022-06-10 16:22:45,19
2022-06-10 16:22:46,20
2022-06-10 16:22:47,12
2022-06-10 16:22:48,11
2022-06-10 16:22:49,16
2022-06-10 16:22:50,16
2022-06-10 16:22:51,14
2022-06-10 16:22:52,14
2022-06-10 16:22:53,17
2022-06-10 16:22:54,14
2022-06-10 16:22:55,16
2022-06-10 16:22:56,21
2022-06-10 16:22:57,24
2022-06-10 16:22:58,27
2022-06-10 16:22:59,28
2022-06-10 16:23:00,19
2022-06-10 16:23:01,14
2022-06-10 16:23:02,15
2022-06-10 16:23:03,14
2022-06-10 16:23:04,17
2022-06-10 16:23:05,32
2022-06-10 16:23:06,41
2022-06-10 16:23:07,33
2022-06-10 16:23:08,23
2022-06-10 16:23:09,16
2022-06-10 16:23:10,26
2022-06-10 16:23:11,30
2022-06-10 16:23:12,32
2022-06-10 16:23:13,35
2022-06-10 16:23:14,23
2022-06-10 16:23:15,27
2022-06-10 16:23:16,22
2022-06-10 16:23:17,19
2022-06-10 16:23:18,20
2022-06-10 16:23:19,16
2022-06-10 16:23:20,20
2022-06-10 16:23:21,18
2022-06-10 16:23:22,21
2022-06-10 16:23:23,25
2022-06-10 16:23:24,22
2022-06-10 16:23:25,21
2022-06-10 16:23:26,20
2022-06-10 16:23:27,31
2022-06-10 16:23:28,25
2022-06-10 16:23:29,19
2022-06-10 16:23:30,23
2022-06-10 16:23:31,29
2022-06-10 16:23:32,28
2022-06-10 16:23:33,21
2022-06-10 16:23:34,16
2022-06-10 16:23:35,16
2022-06-10 16:23:36,22
2022-06-10 16:23:37,28
2022-06-10 16:23:38,22
2022-06-10 16:23:39,17
2022-06-10 16:23:40,15
2022-06-10 16:23:41,6
2022-06-10 16:23:42,9
2022-06-10 16:23:43,20
2022-06-10 16:23:44,22
2022-06-10 16:23:45,21
2022-06-10 16:23:46,25
2022-06-10 16:23:47,28
2022-06-10 16:23:48,20
2022-06-10 16:23:49,16
2022-06-10 16:23:50,16
2022-06-10 16:23:51,13
2022-06-10 16:23:52,15
2022-06-10 16:23:53,19
2022-06-10 16:23:54,18
2022-06-10 16:23:55,14
2022-06-10 16:23:56,12
2022-06-10 16:23:57,13
2022-06-10 16:23:58,21
2022-06-10 16:23:59,30
2022-06-10 16:24:00,27
2022-06-10 16:24:01,32
2022-06-10 16:24:02,21
2022-06-10 16:24:03,15
2022-06-10 16:24:04,14
2022-06-10 16:24:05,16
2022-06-10 16:24:06,14
2022-06-10 16:24:07,11
2022-06-10 16:24:08,23
2022-06-10 16:24:09,27
2022-06-10 16:24:10,33
2022-06-10 16:24:11,26
2022-06-10 16:24:12,19
2022-06-10 16:24:13,16
2022-06-10 16:24:14,22
2022-06-10 16:24:15,28
2022-06-10 16:24:16,29
2022-06-10 16:24:17,25
2022-06-10 16:24:18,21
2022-06-10 16:24:19,24
2022-06-10 16:24:20,23
2022-06-10 16:24:21,18
2022-06-10 16:24:22,21
2022-06-10 16:24:23,19
2022-06-10 16:24:24,17
2022-06-10 16:24:25,18
2022-06-10 16:24:26,19
2022-06-10 16:24:27,17
2022-06-10 16:24:28,13
2022-06-10 16:24:29,11
2022-06-10 16:24:30,11
2022-06-10 16:24:31,8
2022-06-10 16:24:32,10
2022-06-10 16:24:33,11
2022-06-10 16:24:34,16
2022-06-10 16:24:35,13
2022-06-10 16:24:36,14
2022-06-10 16:24:37,27
2022-06-10 16:24:38,27
2022-06-10 16:24:39,21
2022-06-10 16:24:40,24
2022-06-10 16:24:41,22
2022-06-10 16:24:42,18
2022-06-10 16:24:43,14
2022-06-10 16:24:44,11
2022-06-10 16:24:45,13
2022-06-10 16:24:46,11
2022-06-10 16:24:47,16
2022-06-10 16:24:48,22
2022-06-10 16:24:49,22
2022-06-10 16:24:50,34
2022-06-10 16:24:51,30
2022-06-10 16:24:52,17
2022-06-10 16:24:53,17
2022-06-10 16:24:54,31
2022-06-10 16:24:55,22
2022-06-10 16:24:56,8
2022-06-10 16:24:57,12
2022-06-10 16:24:58,25
2022-06-10 16:24:59,23
2022-06-10 16:25:00,18
2022-06-10 16:25:01,27
2022-06-10 16:25:02,27
2022-06-10 16:25:03,17
2022-06-10 16:25:04,11
2022-06-10 16:25:05,7
2022-06-10 16:25:06,12
2022-06-10 16:25:07,16
2022-06-10 16:25:08,18
2022-06-10 16:25:09,26
2022-06-10 16:25:10,22
2022-06-10 16:25:11,19
2022-06-10 16:25:12,19
2022-06-10 16:25:13,28
2022-06-10 16:25:14,24
2022-06-10 16:25:15,14
2022-06-10 16:25:16,12
2022-06-10 16:25:17,19
2022-06-10 16:25:18,30
2022-06-10 16:25:19,22
2022-06-10 16:25:20,21
2022-06-10 16:25:21,22
2022-06-10 16:25:22,14
2022-06-10 16:25:23,12
2022-06-10 16:25:24,12
2022-06-10 16:25:25,20
2022-06-10 16:25:26,16
2022-06-10 16:25:27,14
2022-06-10 16:25:28,19
2022-06-10 16:25:29,16
2022-06-10 16:25:30,18
2022-06-10 16:25:31,20
2022-06-10 16:25:32,22
2022-06-10 16:25:33,23
2022-06-10 16:25:34,21
2022-06-10 16:25:35,25
2022-06-10 16:25:36,31
2022-06-10 16:25:37,27
2022-06-10 16:25:38,21
2022-06-10 16:25:39,17
2022-06-10 16:25:40,20
2022-06-10 16:25:41,27
2022-06-10 16:25:42,32
2022-06-10 16:25:43,26
2022-06-10 16:25:44,16
2022-06-10 16:25:45,16
2022-06-10 16:25:46,14
2022-06-10 16:25:47,17
2022-06-10 16:25:48,27
2022-06-10 16:25:49,27
2022-06-10 16:25:50,28
2022-06-10 16:25:51,24
2022-06-10 16:25:52,21
2022-06-10 16:25:53,20
2022-06-10 16:25:54,29
2022-06-10 16:25:55,26
2022-06-10 16:25:56,19
2022-06-10 16:25:57,14
2022-06-10 16:25:58,12
2022-06-10 16:25:59,13
2022-06-10 16:26:00,12
2022-06-10 16:26:01,20
2022-06-10 16:26:02,16
2022-06-10 16:26:03,16
2022-06-10 16:26:04,23
2022-06-10 16:26:05,29
2022-06-10 16:26:06,23
2022-06-10 16:26:07,20
2022-06-10 16:26:08,24
2022-06-10 16:26:09,27
2022-06-10 16:26:10,27
2022-06-10 16:26:11,22
2022-06-10 16:26:12,16
2022-06-10 16:26:13,12
2022-06-10 16:26:14,12
2022-06-10 16:26:15,14
2022-06-10 16:26:16,11
2022-06-10 16:26:17,10
2022-06-10 16:26:18,10
2022-06-10 16:26:19,7
2022-06-10 16:26:20,9
2022-06-10 16:26:21,11
2022-06-10 16:26:22,17
2022-06-10 16:26:23,21
2022-06-10 16:26:24,17
2022-06-10 16:26:25,18
2022-06-10 16:26:26,15
2022-06-10 16:26:27,10
2022-06-10 16:26:28,22
2022-06-10 16:26:29,20
2022-06-10 16:26:30,11
2022-06-10 16:26:31,13
2022-06-10 16:26:32,18
2022-06-10 16:26:33,18
2022-06-10 16:26:34,13
2022-06-10 16:26:35,21
2022-06-10 16:26:36,23
2022-06-10 16:26:37,18
2022-06-10 16:26:38,27
2022-06-10 16:26:39,24
2022-06-10 16:26:40,24
2022-06-10 16:26:41,28
2022-06-10 16:26:42,25
2022-06-10 16:26:43,26
2022-06-10 16:26:44,17
2022-06-10 16:26:45,23
2022-06-10 16:26:46,23
2022-06-10 16:26:47,19
2022-06-10 16:26:48,27
2022-06-10 16:26:49,38
2022-06-10 16:26:50,34
2022-06-10 16:26:51,31
2022-06-10 16:26:52,24
2022-06-10 16:26:53,13
2022-06-10 16:26:54,16
2022-06-10 16:26:55,14
2022-06-10 16:26:56,6
2022-06-10 16:26:57,2
2022-06-10 16:26:58,0
2022-06-10 16:26:59,8
2022-06-10 16:27:00,12
2022-06-10 16:27:01,18
2022-06-10 16:27:02,23
2022-06-10 16:27:03,17
2022-06-10 16:27:04,14
2022-06-10 16:27:05,10
2022-06-10 16:27:06,12
2022-06-10 16:27:07,14
2022-06-10 16:27:08,12
2022-06-10 16:27:09,16
2022-06-10 16:27:10,11
2022-06-10 16:27:11,8
2022-06-10 16:27:12,13
2022-06-10 16:27:13,11
2022-06-10 16:27:14,15
2022-06-10 16:27:15,19
2022-06-10 16:27:16,16
2022-06-10 16:27:17,14
2022-06-10 16:27:18,15
2022-06-10 16:27:19,17
2022-06-10 16:27:20,21
2022-06-10 16:27:21,16
2022-06-10 16:27:22,16
2022-06-10 16:27:23,19
2022-06-10 16:27:24,27
2022-06-10 16:27:25,26
2022-06-10 16:27:26,16
2022-06-10 16:27:27,19
2022-06-10 16:27:28,19
2022-06-10 16:27:29,20
2022-06-10 16:27:30,24
2022-06-10 16:27:31,23
2022-06-10 16:27:32,19
2022-06-10 16:27:33,12
2022-06-10 16:27:34,14
2022-06-10 16:27:35,19
2022-06-10 16:27:36,23
2022-06-10 16:27:37,19
2022-06-10 16:27:38,12
2022-06-10 16:27:39,16
2022-06-10 16:27:40,19
2022-06-10 16:27:41,18
2022-06-10 16:27:42,15
2022-06-10 16:27:43,16
2022-06-10 16:27:44,19
2022-06-10 16:27:45,15
2022-06-10 16:27:46,8
2022-06-10 16:27:47,10
2022-06-10 16:27:48,24
2022-06-10 16:27:49,28
2022-06-10 16:27:50,33
2022-06-10 16:27:51,33
2022-06-10 16:27:52,20
2022-06-10 16:27:53,26
2022-06-10 16:27:54,30
2022-06-10 16:27:55,31
2022-06-10 16:27:56,25
2022-06-10 16:27:57,18
2022-06-10 16:27:58,23
2022-06-10 16:27:59,19
2022-06-10 16:28:00,21
2022-06-10 16:28:01,17
2022-06-10 16:28:02,13
2022-06-10 16:28:03,20
2022-06-10 16:28:04,29
2022-06-10 16:28:05,25
2022-06-10 16:28:06,25
2022-06-10 16:28:07,32
2022-06-10 16:28:08,25
2022-06-10 16:28:09,20
2022-06-10 16:28:10,18
2022-06-10 16:28:11,23
2022-06-10 16:28:12,17
2022-06-10 16:28:13,8
2022-06-10 16:28:14,8
2022-06-10 16:28:15,16
2022-06-10 16:28:16,17
2022-06-10 16:28:17,21
2022-06-10 16:28:18,37
2022-06-10 16:28:19,25
2022-06-10 16:28:20,16
2022-06-10 16:28:21,15
2022-06-10 16:28:22,21
2022-06-10 16:28:23,28
2022-06-10 16:28:24,31
2022-06-10 16:28:25,34
2022-06-10 16:28:26,23
2022-06-10 16:28:27,17
2022-06-10 16:28:28,15
2022-06-10 16:28:29,17
2022-06-10 16:28:30,28
2022-06-10 16:28:31,31
2022-06-10 16:28:32,24
2022-06-10 16:28:33,26
2022-06-10 16:28:34,27
2022-06-10 16:28:35,22
2022-06-10 16:28:36,18
2022-06-10 16:28:37,15
2022-06-10 16:28:38,30
2022-06-10 16:28:39,30
2022-06-10 16:28:40,24
2022-06-10 16:28:41,25
2022-06-10 16:28:42,28
2022-06-10 16:28:43,33
2022-06-10 16:28:44,24
2022-06-10 16:28:45,22
2022-06-10 16:28:46,23
2022-06-10 16:28:47,24
2022-06-10 16:28:48,20
2022-06-10 16:28:49,16
2022-06-10 16:28:50,22
2022-06-10 16:28:51,20
2022-06-10 16:28:52,14
2022-06-10 16:28:53,34
2022-06-10 16:28:54,32
2022-06-10 16:28:55,29
2022-06-10 16:28:56,24
2022-06-10 16:28:57,24
2022-06-10 16:28:58,21
2022-06-10 16:28:59,27
2022-06-10 16:29:00,25
2022-06-10 16:29:01,21
2022-06-10 16:29:02,19
2022-06-10 16:29:03,17
2022-06-10 16:29:04,23
2022-06-10 16:29:05,41
2022-06-10 16:29:06,42
2022-06-10 16:29:07,32
2022-06-10 16:29:08,27
2022-06-10 16:29:09,18
2022-06-10 16:29:10,22
2022-06-10 16:29:11,33
2022-06-10 16:29:12,39
2022-06-10 16:29:13,30
2022-06-10 16:29:14,33
2022-06-10 16:29:15,46
2022-06-10 16:29:16,48
2022-06-10 16:29:17,36
2022-06-10 16:29:18,18
2022-06-10 16:29:19,22
2022-06-10 16:29:20,34
2022-06-10 16:29:21,32
2022-06-10 16:29:22,33
2022-06-10 16:29:23,37
2022-06-10 16:29:24,36
2022-06-10 16:29:25,29
2022-06-10 16:29:26,27
2022-06-10 16:29:27,35
2022-06-10 16:29:28,44
2022-06-10 16:29:29,44
2022-06-10 16:29:30,32
2022-06-10 16:29:31,26
2022-06-10 16:29:32,25
2022-06-10 16:29:33,35
2022-06-10 16:29:34,34
2022-06-10 16:29:35,25
2022-06-10 16:29:36,23
2022-06-10 16:29:37,21
2022-06-10 16:29:38,21
2022-06-10 16:29:39,18
2022-06-10 16:29:40,19
2022-06-10 16:29:41,25
2022-06-10 16:29:42,26
2022-06-10 16:29:43,26
2022-06-10 16:29:44,18
2022-06-10 16:29:45,26
2022-06-10 16:29:46,31
2022-06-10 16:29:47,39
2022-06-10 16:29:48,27
2022-06-10 16:29:49,24
2022-06-10 16:29:50,30
2022-06-10 16:29:51,34
2022-06-10 16:29:52,27
2022-06-10 16:29:53,34
2022-06-10 16:29:54,33
2022-06-10 16:29:55,29
2022-06-10 16:29:56,27
2022-06-10 16:29:57,36
2022-06-10 16:29:58,45
2022-06-10 16:29:59,49
2022-06-10 16:30:00,48
2022-06-10 16:30:01,31
2022-06-10 16:30:02,28
2022-06-10 16:30:03,28
2022-06-10 16:30:04,23
2022-06-10 16:30:05,21
2022-06-10 16:30:06,27
2022-06-10 16:30:07,28
2022-06-10 16:30:08,30
2022-06-10 16:30:09,37
2022-06-10 16:30:10,50
2022-06-10 16:30:11,35
2022-06-10 16:30:12,32
2022-06-10 16:30:13,31
2022-06-10 16:30:14,34
2022-06-10 16:30:15,28
2022-06-10 16:30:16,25
2022-06-10 16:30:17,27
2022-06-10 16:30:18,43
2022-06-10 16:30:19,42
2022-06-10 16:30:20,35
2022-06-10 16:30:21,33
2022-06-10 16:30:22,27
2022-06-10 16:30:23,21
2022-06-10 16:30:24,31
2022-06-10 16:30:25,40
2022-06-10 16:30:26,37
2022-06-10 16:30:27,37
2022-06-10 16:30:28,26
2022-06-10 16:30:29,26
2022-06-10 16:30:30,32
2022-06-10 16:30:31,44
2022-06-10 16:30:32,48
2022-06-10 16:30:33,37
2022-06-10 16:30:34,24
2022-06-10 16:30:35,24
2022-06-10 16:30:36,19
2022-06-10 16:30:37,30
2022-06-10 16:30:38,38
2022-06-10 16:30:39,34
2022-06-10 16:30:40,31
2022-06-10 16:30:41,29
2022-06-10 16:30:42,27
2022-06-10 16:30:43,32
2022-06-10 16:30:44,31
2022-06-10 16:30:45,30
2022-06-10 16:30:46,30
2022-06-10 16:30:47,44
2022-06-10 16:30:48,41
2022-06-10 16:30:49,28
2022-06-10 16:30:50,27
2022-06-10 16:30:51,36
2022-06-10 16:30:52,36
2022-06-10 16:30:53,24
2022-06-10 16:30:54,26
2022-06-10 16:30:55,41
2022-06-10 16:30:56,41
2022-06-10 16:30:57,34
2022-06-10 16:30:58,25
2022-06-10 16:30:59,29
2022-06-10 16:31:00,34
2022-06-10 16:31:01,39
2022-06-10 16:31:02,39
2022-06-10 16:31:03,31
2022-06-10 16:31:04,23
2022-06-10 16:31:05,23
2022-06-10 16:31:06,36
2022-06-10 16:31:07,48
2022-06-10 16:31:08,46
2022-06-10 16:31:09,35
2022-06-10 16:31:10,27
2022-06-10 16:31:11,19
2022-06-10 16:31:12,21
2022-06-10 16:31:13,31
2022-06-10 16:31:14,37
2022-06-10 16:31:15,53
2022-06-10 16:31:16,50
2022-06-10 16:31:17,43
2022-06-10 16:31:18,39
2022-06-10 16:31:19,54
2022-06-10 16:31:20,59
2022-06-10 16:31:21,46
2022-06-10 16:31:22,42
2022-06-10 16:31:23,31
2022-06-10 16:31:24,32
2022-06-10 16:31:25,29
2022-06-10 16:31:26,28
2022-06-10 16:31:27,40
2022-06-10 16:31:28,45
2022-06-10 16:31:29,61
2022-06-10 16:31:30,52
2022-06-10 16:31:31,53
2022-06-10 16:31:32,65
2022-06-10 16:31:33,77
2022-06-10 16:31:34,66
2022-06-10 16:31:35,72
2022-06-10 16:31:36,53
2022-06-10 16:31:37,51
2022-06-10 16:31:38,47
2022-06-10 16:31:39,40
2022-06-10 16:31:40,48
2022-06-10 16:31:41,38
2022-06-10 16:31:42,48
2022-06-10 16:31:43,50
2022-06-10 16:31:44,48
2022-06-10 16:31:45,50
2022-06-10 16:31:46,59
2022-06-10 16:31:47,52
2022-06-10 16:31:48,36
2022-06-10 16:31:49,46
2022-06-10 16:31:50,51
2022-06-10 16:31:51,51
2022-06-10 16:31:52,43
2022-06-10 16:31:53,34
2022-06-10 16:31:54,23
2022-06-10 16:31:55,23
2022-06-10 16:31:56,29
2022-06-10 16:31:57,38
2022-06-10 16:31:58,29
2022-06-10 16:31:59,27
2022-06-10 16:32:00,39
2022-06-10 16:32:01,32
2022-06-10 16:32:02,36
2022-06-10 16:32:03,35
2022-06-10 16:32:04,37
2022-06-10 16:32:05,52
2022-06-10 16:32:06,58
2022-06-10 16:32:07,57
2022-06-10 16:32:08,55
2022-06-10 16:32:09,39
2022-06-10 16:32:10,34
2022-06-10 16:32:11,34
2022-06-10 16:32:12,62
2022-06-10 16:32:13,60
2022-06-10 16:32:14,37
2022-06-10 16:32:15,55
2022-06-10 16:32:16,53
2022-06-10 16:32:17,54
2022-06-10 16:32:18,47
2022-06-10 16:32:19,39
2022-06-10 16:32:20,48
2022-06-10 16:32:21,40
2022-06-10 16:32:22,51
2022-06-10 16:32:23,52
2022-06-10 16:32:24,47
2022-06-10 16:32:25,65
2022-06-10 16:32:26,58
2022-06-10 16:32:27,47
2022-06-10 16:32:28,55
2022-06-10 16:32:29,56
2022-06-10 16:32:30,38
2022-06-10 16:32:31,36
2022-06-10 16:32:32,32
2022-06-10 16:32:33,30
2022-06-10 16:32:34,27
2022-06-10 16:32:35,46
2022-06-10 16:32:36,39
2022-06-10 16:32:37,37
2022-06-10 16:32:38,39
2022-06-10 16:32:39,33
2022-06-10 16:32:40,28
2022-06-10 16:32:41,32
2022-06-10 16:32:42,35
2022-06-10 16:32:43,27
2022-06-10 16:32:44,25
2022-06-10 16:32:45,34
2022-06-10 16:32:46,32
2022-06-10 16:32:47,32
2022-06-10 16:32:48,53
2022-06-10 16:32:49,57
2022-06-10 16:32:50,54
2022-06-10 16:32:51,55
2022-06-10 16:32:52,60
2022-06-10 16:32:53,75
2022-06-10 16:32:54,55
2022-06-10 16:32:55,46
2022-06-10 16:32:56,39
2022-06-10 16:32:57,45
2022-06-10 16:32:58,47
2022-06-10 16:32:59,40
2022-06-10 16:33:00,31
2022-06-10 16:33:01,30
2022-06-10 16:33:02,30
2022-06-10 16:33:03,39
2022-06-10 16:33:04,50
2022-06-10 16:33:05,48
2022-06-10 16:33:06,47
2022-06-10 16:33:07,59
2022-06-10 16:33:08,60
2022-06-10 16:33:09,42
2022-06-10 16:33:10,40
2022-06-10 16:33:11,43
2022-06-10 16:33:12,38
2022-06-10 16:33:13,31
2022-06-10 16:33:14,25
2022-06-10 16:33:15,24
2022-06-10 16:33:16,33
2022-06-10 16:33:17,42
2022-06-10 16:33:18,53
2022-06-10 16:33:19,65
2022-06-10 16:33:20,68
2022-06-10 16:33:21,42
2022-06-10 16:33:22,43
2022-06-10 16:33:23,45
2022-06-10 16:33:24,36
2022-06-10 16:33:25,41
2022-06-10 16:33:26,39
2022-06-10 16:33:27,43
2022-06-10 16:33:28,43
2022-06-10 16:33:29,48
2022-06-10 16:33:30,53
2022-06-10 16:33:31,48
2022-06-10 16:33:32,61
2022-06-10 16:33:33,70
2022-06-10 16:33:34,54
2022-06-10 16:33:35,40
2022-06-10 16:33:36,37
2022-06-10 16:33:37,31
2022-06-10 16:33:38,38
2022-06-10 16:33:39,45
2022-06-10 16:33:40,56
2022-06-10 16:33:41,61
2022-06-10 16:33:42,56
2022-06-10 16:33:43,57
2022-06-10 16:33:44,53
2022-06-10 16:33:45,50
2022-06-10 16:33:46,48
2022-06-10 16:33:47,41
2022-06-10 16:33:48,45
2022-06-10 16:33:49,58
2022-06-10 16:33:50,59
2022-06-10 16:33:51,49
2022-06-10 16:33:52,33
2022-06-10 16:33:53,32
2022-06-10 16:33:54,36
2022-06-10 16:33:55,52
2022-06-10 16:33:56,37
2022-06-10 16:33:57,30
2022-06-10 16:33:58,30
2022-06-10 16:33:59,34
2022-06-10 16:34:00,46
2022-06-10 16:34:01,43
2022-06-10 16:34:02,36
2022-06-10 16:34:03,41
2022-06-10 16:34:04,37
2022-06-10 16:34:05,44
2022-06-10 16:34:06,35
2022-06-10 16:34:07,51
2022-06-10 16:34:08,57
2022-06-10 16:34:09,64
2022-06-10 16:34:10,65
2022-06-10 16:34:11,56
2022-06-10 16:34:12,46
2022-06-10 16:34:13,35
2022-06-10 16:34:14,32
2022-06-10 16:34:15,54
2022-06-10 16:34:16,61
2022-06-10 16:34:17,57
2022-06-10 16:34:18,55
2022-06-10 16:34:19,46
2022-06-10 16:34:20,48
2022-06-10 16:34:21,47
2022-06-10 16:34:22,53
2022-06-10 16:34:23,49
2022-06-10 16:34:24,42
2022-06-10 16:34:25,51
2022-06-10 16:34:26,33
2022-06-10 16:34:27,24
2022-06-10 16:34:28,29
2022-06-10 16:34:29,43
2022-06-10 16:34:30,47
2022-06-10 16:34:31,35
2022-06-10 16:34:32,29
2022-06-10 16:34:33,29
2022-06-10 16:34:34,30
2022-06-10 16:34:35,40
2022-06-10 16:34:36,34
2022-06-10 16:34:37,40
2022-06-10 16:34:38,42
2022-06-10 16:34:39,50
2022-06-10 16:34:40,54
2022-06-10 16:34:41,51
2022-06-10 16:34:42,47
2022-06-10 16:34:43,55
2022-06-10 16:34:44,59
2022-06-10 16:34:45,50
2022-06-10 16:34:46,41
2022-06-10 16:34:47,45
2022-06-10 16:34:48,35
2022-06-10 16:34:49,29
2022-06-10 16:34:50,32
2022-06-10 16:34:51,30
2022-06-10 16:34:52,32
2022-06-10 16:34:53,56
2022-06-10 16:34:54,62
2022-06-10 16:34:55,50
2022-06-10 16:34:56,36
2022-06-10 16:34:57,42
2022-06-10 16:34:58,47
2022-06-10 16:34:59,46
2022-06-10 16:35:00,54
2022-06-10 16:35:01,34
2022-06-10 16:35:02,34
2022-06-10 16:35:03,31
2022-06-10 16:35:04,21
2022-06-10 16:35:05,32
2022-06-10 16:35:06,34
2022-06-10 16:35:07,41
2022-06-10 16:35:08,42
2022-06-10 16:35:09,40
2022-06-10 16:35:10,46
2022-06-10 16:35:11,51
2022-06-10 16:35:12,37
2022-06-10 16:35:13,36
2022-06-10 16:35:14,35
2022-06-10 16:35:15,35
2022-06-10 16:35:16,37
2022-06-10 16:35:17,36
2022-06-10 16:35:18,29
2022-06-10 16:35:19,32
2022-06-10 16:35:20,32
2022-06-10 16:35:21,28
2022-06-10 16:35:22,30
2022-06-10 16:35:23,47
2022-06-10 16:35:24,41
2022-06-10 16:35:25,49
2022-06-10 16:35:26,48
2022-06-10 16:35:27,50
2022-06-10 16:35:28,41
2022-06-10 16:35:29,38
2022-06-10 16:35:30,33
2022-06-10 16:35:31,37
2022-06-10 16:35:32,43
2022-06-10 16:35:33,31
2022-06-10 16:35:34,24
2022-06-10 16:35:35,32
2022-06-10 16:35:36,38
2022-06-10 16:35:37,38
2022-06-10 16:35:38,45
2022-06-10 16:35:39,57
2022-06-10 16:35:40,43
2022-06-10 16:35:41,48
2022-06-10 16:35:42,43
2022-06-10 16:35:43,43
2022-06-10 16:35:44,36
2022-06-10 16:35:45,33
2022-06-10 16:35:46,36
2022-06-10 16:35:47,37
2022-06-10 16:35:48,47
2022-06-10 16:35:49,48
2022-06-10 16:35:50,49
2022-06-10 16:35:51,54
2022-06-10 16:35:52,45
2022-06-10 16:35:53,43
2022-06-10 16:35:54,41
2022-06-10 16:35:55,44
2022-06-10 16:35:56,33
2022-06-10 16:35:57,47
2022-06-10 16:35:58,54
2022-06-10 16:35:59,50
2022-06-10 16:36:00,54
2022-06-10 16:36:01,55
2022-06-10 16:36:02,50
2022-06-10 16:36:03,57
2022-06-10 16:36:04,47
2022-06-10 16:36:05,45
2022-06-10 16:36:06,41
2022-06-10 16:36:07,44
2022-06-10 16:36:08,41
2022-06-10 16:36:09,42
2022-06-10 16:36:10,48
2022-06-10 16:36:11,53
2022-06-10 16:36:12,55
2022-06-10 16:36:13,56
2022-06-10 16:36:14,40
2022-06-10 16:36:15,55
2022-06-10 16:36:16,49
2022-06-10 16:36:17,48
2022-06-10 16:36:18,46
2022-06-10 16:36:19,41
2022-06-10 16:36:20,35
2022-06-10 16:36:21,31
2022-06-10 16:36:22,49
2022-06-10 16:36:23,45
2022-06-10 16:36:24,45
2022-06-10 16:36:25,41
2022-06-10 16:36:26,43
2022-06-10 16:36:27,59
2022-06-10 16:36:28,73
2022-06-10 16:36:29,66
2022-06-10 16:36:30,73
2022-06-10 16:36:31,60
2022-06-10 16:36:32,58
2022-06-10 16:36:33,60
2022-06-10 16:36:34,83
2022-06-10 16:36:35,90
2022-06-10 16:36:36,58
2022-06-10 16:36:37,53
2022-06-10 16:36:38,63
2022-06-10 16:36:39,61
2022-06-10 16:36:40,61
2022-06-10 16:36:41,69
2022-06-10 16:36:42,67
2022-06-10 16:36:43,65
2022-06-10 16:36:44,55
2022-06-10 16:36:45,39
2022-06-10 16:36:46,49
2022-06-10 16:36:47,56
2022-06-10 16:36:48,54
2022-06-10 16:36:49,54
2022-06-10 16:36:50,59
2022-06-10 16:36:51,61
2022-06-10 16:36:52,63
2022-06-10 16:36:53,57
2022-06-10 16:36:54,48
2022-06-10 16:36:55,56
2022-06-10 16:36:56,43
2022-06-10 16:36:57,37
2022-06-10 16:36:58,54
2022-06-10 16:36:59,54
2022-06-10 16:37:00,40
2022-06-10 16:37:01,44
2022-06-10 16:37:02,55
2022-06-10 16:37:03,47
2022-06-10 16:37:04,48
2022-06-10 16:37:05,78
2022-06-10 16:37:06,46
2022-06-10 16:37:07,40
2022-06-10 16:37:08,46
2022-06-10 16:37:09,41
2022-06-10 16:37:10,26
2022-06-10 16:37:11,30
2022-06-10 16:37:12,41
2022-06-10 16:37:13,42
2022-06-10 16:37:14,41
2022-06-10 16:37:15,62
2022-06-10 16:37:16,44
2022-06-10 16:37:17,37
2022-06-10 16:37:18,56
2022-06-10 16:37:19,45
2022-06-10 16:37:20,45
2022-06-10 16:37:21,52
2022-06-10 16:37:22,49
2022-06-10 16:37:23,59
2022-06-10 16:37:24,48
2022-06-10 16:37:25,48
2022-06-10 16:37:26,54
2022-06-10 16:37:27,66
2022-06-10 16:37:28,60
2022-06-10 16:37:29,50
2022-06-10 16:37:30,54
2022-06-10 16:37:31,39
2022-06-10 16:37:32,33
2022-06-10 16:37:33,43
2022-06-10 16:37:34,49
2022-06-10 16:37:35,46
2022-06-10 16:37:36,38
2022-06-10 16:37:37,56
2022-06-10 16:37:38,57
2022-06-10 16:37:39,45
2022-06-10 16:37:40,49
2022-06-10 16:37:41,57
2022-06-10 16:37:42,59
2022-06-10 16:37:43,49
2022-06-10 16:37:44,38
2022-06-10 16:37:45,44
2022-06-10 16:37:46,38
2022-06-10 16:37:47,30
2022-06-10 16:37:48,24
2022-06-10 16:37:49,31
2022-06-10 16:37:50,39
2022-06-10 16:37:51,45
2022-06-10 16:37:52,50
2022-06-10 16:37:53,63
2022-06-10 16:37:54,57
2022-06-10 16:37:55,57
2022-06-10 16:37:56,53
2022-06-10 16:37:57,55
2022-06-10 16:37:58,58
2022-06-10 16:37:59,47
2022-06-10 16:38:00,58
2022-06-10 16:38:01,72
2022-06-10 16:38:02,61
2022-06-10 16:38:03,63
2022-06-10 16:38:04,53
2022-06-10 16:38:05,53
2022-06-10 16:38:06,55
2022-06-10 16:38:07,41
2022-06-10 16:38:08,43
2022-06-10 16:38:09,38
2022-06-10 16:38:10,32
2022-06-10 16:38:11,42
2022-06-10 16:38:12,51
2022-06-10 16:38:13,49
2022-06-10 16:38:14,44
2022-06-10 16:38:15,48
2022-06-10 16:38:16,54
2022-06-10 16:38:17,50
2022-06-10 16:38:18,44
2022-06-10 16:38:19,32
2022-06-10 16:38:20,45
2022-06-10 16:38:21,50
2022-06-10 16:38:22,46
2022-06-10 16:38:23,42
2022-06-10 16:38:24,44
2022-06-10 16:38:25,38
2022-06-10 16:38:26,46
2022-06-10 16:38:27,53
2022-06-10 16:38:28,46
2022-06-10 16:38:29,35
2022-06-10 16:38:30,32
2022-06-10 16:38:31,34
2022-06-10 16:38:32,44
2022-06-10 16:38:33,43
2022-06-10 16:38:34,44
2022-06-10 16:38:35,42
2022-06-10 16:38:36,48
2022-06-10 16:38:37,61
2022-06-10 16:38:38,66
2022-06-10 16:38:39,70
2022-06-10 16:38:40,65
2022-06-10 16:38:41,57
2022-06-10 16:38:42,49
2022-06-10 16:38:43,40
2022-06-10 16:38:44,32
2022-06-10 16:38:45,42
2022-06-10 16:38:46,40
2022-06-10 16:38:47,33
2022-06-10 16:38:48,23
2022-06-10 16:38:49,24
2022-06-10 16:38:50,41
2022-06-10 16:38:51,41
2022-06-10 16:38:52,32
2022-06-10 16:38:53,37
2022-06-10 16:38:54,29
2022-06-10 16:38:55,28
2022-06-10 16:38:56,30
2022-06-10 16:38:57,27
2022-06-10 16:38:58,37
2022-06-10 16:38:59,39
2022-06-10 16:39:00,42
2022-06-10 16:39:01,29
2022-06-10 16:39:02,45
2022-06-10 16:39:03,47
2022-06-10 16:39:04,34
2022-06-10 16:39:05,42
2022-06-10 16:39:06,40
2022-06-10 16:39:07,46
2022-06-10 16:39:08,39
2022-06-10 16:39:09,28
2022-06-10 16:39:10,36
2022-06-10 16:39:11,45
2022-06-10 16:39:12,62
2022-06-10 16:39:13,58
2022-06-10 16:39:14,51
2022-06-10 16:39:15,44
2022-06-10 16:39:16,40
2022-06-10 16:39:17,33
2022-06-10 16:39:18,41
2022-06-10 16:39:19,40
2022-06-10 16:39:20,38
2022-06-10 16:39:21,37
2022-06-10 16:39:22,34
2022-06-10 16:39:23,36
2022-06-10 16:39:24,38
2022-06-10 16:39:25,54
2022-06-10 16:39:26,42
2022-06-10 16:39:27,37
2022-06-10 16:39:28,43
2022-06-10 16:39:29,41
2022-06-10 16:39:30,39
2022-06-10 16:39:31,40
2022-06-10 16:39:32,37
2022-06-10 16:39:33,45
2022-06-10 16:39:34,56
2022-06-10 16:39:35,73
2022-06-10 16:39:36,54
2022-06-10 16:39:37,54
2022-06-10 16:39:38,54
2022-06-10 16:39:39,53
2022-06-10 16:39:40,59
2022-06-10 16:39:41,47
2022-06-10 16:39:42,45
2022-06-10 16:39:43,43
2022-06-10 16:39:44,32
2022-06-10 16:39:45,38
2022-06-10 16:39:46,31
2022-06-10 16:39:47,35
2022-06-10 16:39:48,39
2022-06-10 16:39:49,42
2022-06-10 16:39:50,45
2022-06-10 16:39:51,42
2022-06-10 16:39:52,30
2022-06-10 16:39:53,34
2022-06-10 16:39:54,42
2022-06-10 16:39:55,44
2022-06-10 16:39:56,51
2022-06-10 16:39:57,38
2022-06-10 16:39:58,35
2022-06-10 16:39:59,45
2022-06-10 16:40:00,42
2022-06-10 16:40:01,52
2022-06-10 16:40:02,54
2022-06-10 16:40:03,48
2022-06-10 16:40:04,47
2022-06-10 16:40:05,42
2022-06-10 16:40:06,35
2022-06-10 16:40:07,35
2022-06-10 16:40:08,43
2022-06-10 16:40:09,37
2022-06-10 16:40:10,54
2022-06-10 16:40:11,51
2022-06-10 16:40:12,49
2022-06-10 16:40:13,41
2022-06-10 16:40:14,35
2022-06-10 16:40:15,48
2022-06-10 16:40:16,45
2022-06-10 16:40:17,29
2022-06-10 16:40:18,14
2022-06-10 16:40:19,28
2022-06-10 16:40:20,41
2022-06-10 16:40:21,42
2022-06-10 16:40:22,49
2022-06-10 16:40:23,44
2022-06-10 16:40:24,46
2022-06-10 16:40:25,44
2022-06-10 16:40:26,43
2022-06-10 16:40:27,53
2022-06-10 16:40:28,54
2022-06-10 16:40:29,47
2022-06-10 16:40:30,53
2022-06-10 16:40:31,37
2022-06-10 16:40:32,31
2022-06-10 16:40:33,41
2022-06-10 16:40:34,43
2022-06-10 16:40:35,46
2022-06-10 16:40:36,48
2022-06-10 16:40:37,54
2022-06-10 16:40:38,59
2022-06-10 16:40:39,56
2022-06-10 16:40:40,59
2022-06-10 16:40:41,59
2022-06-10 16:40:42,57
2022-06-10 16:40:43,42
2022-06-10 16:40:44,35
2022-06-10 16:40:45,52
2022-06-10 16:40:46,57
2022-06-10 16:40:47,52
2022-06-10 16:40:48,43
2022-06-10 16:40:49,44
2022-06-10 16:40:50,54
2022-06-10 16:40:51,40
2022-06-10 16:40:52,45
2022-06-10 16:40:53,33
2022-06-10 16:40:54,27
2022-06-10 16:40:55,32
2022-06-10 16:40:56,39
2022-06-10 16:40:57,45
2022-06-10 16:40:58,52
2022-06-10 16:40:59,49
2022-06-10 16:41:00,42
2022-06-10 16:41:01,41
2022-06-10 16:41:02,46
2022-06-10 16:41:03,48
2022-06-10 16:41:04,52
2022-06-10 16:41:05,64
2022-06-10 16:41:06,61
2022-06-10 16:41:07,68
2022-06-10 16:41:08,61
2022-06-10 16:41:09,48
2022-06-10 16:41:10,48
2022-06-10 16:41:11,53
2022-06-10 16:41:12,59
2022-06-10 16:41:13,67
2022-06-10 16:41:14,52
2022-06-10 16:41:15,60
2022-06-10 16:41:16,51
2022-06-10 16:41:17,55
2022-06-10 16:41:18,60
2022-06-10 16:41:19,56
2022-06-10 16:41:20,79
2022-06-10 16:41:21,66
2022-06-10 16:41:22,56
2022-06-10 16:41:23,37
2022-06-10 16:41:24,39
2022-06-10 16:41:25,53
2022-06-10 16:41:26,41
2022-06-10 16:41:27,36
2022-06-10 16:41:28,31
2022-06-10 16:41:29,29
2022-06-10 16:41:30,35
2022-06-10 16:41:31,55
2022-06-10 16:41:32,64
2022-06-10 16:41:33,62
2022-06-10 16:41:34,68
2022-06-10 16:41:35,69
2022-06-10 16:41:36,55
2022-06-10 16:41:37,40
2022-06-10 16:41:38,47
2022-06-10 16:41:39,48
2022-06-10 16:41:40,42
2022-06-10 16:41:41,37
2022-06-10 16:41:42,38
2022-06-10 16:41:43,45
2022-06-10 16:41:44,46
2022-06-10 16:41:45,43
2022-06-10 16:41:46,35
2022-06-10 16:41:47,28
2022-06-10 16:41:48,35
2022-06-10 16:41:49,53
2022-06-10 16:41:50,66
2022-06-10 16:41:51,62
2022-06-10 16:41:52,54
2022-06-10 16:41:53,58
2022-06-10 16:41:54,58
2022-06-10 16:41:55,61
2022-06-10 16:41:56,53
2022-06-10 16:41:57,51
2022-06-10 16:41:58,53
2022-06-10 16:41:59,53
2022-06-10 16:42:00,52
2022-06-10 16:42:01,42
2022-06-10 16:42:02,34
2022-06-10 16:42:03,39
2022-06-10 16:42:04,52
2022-06-10 16:42:05,54
2022-06-10 16:42:06,44
2022-06-10 16:42:07,54
2022-06-10 16:42:08,68
2022-06-10 16:42:09,61
2022-06-10 16:42:10,43
2022-06-10 16:42:11,47
2022-06-10 16:42:12,62
2022-06-10 16:42:13,58
2022-06-10 16:42:14,47
2022-06-10 16:42:15,68
2022-06-10 16:42:16,70
2022-06-10 16:42:17,60
2022-06-10 16:42:18,61
2022-06-10 16:42:19,65
2022-06-10 16:42:20,78
2022-06-10 16:42:21,84
2022-06-10 16:42:22,67
2022-06-10 16:42:23,53
2022-06-10 16:42:24,54
2022-06-10 16:42:25,56
2022-06-10 16:42:26,50
2022-06-10 16:42:27,63
2022-06-10 16:42:28,78
2022-06-10 16:42:29,72
2022-06-10 16:42:30,82
2022-06-10 16:42:31,64
2022-06-10 16:42:32,60
2022-06-10 16:42:33,76
2022-06-10 16:42:34,67
2022-06-10 16:42:35,69
2022-06-10 16:42:36,80
2022-06-10 16:42:37,84
2022-06-10 16:42:38,70
2022-06-10 16:42:39,62
2022-06-10 16:42:40,62
2022-06-10 16:42:41,46
2022-06-10 16:42:42,61
2022-06-10 16:42:43,60
2022-06-10 16:42:44,68
2022-06-10 16:42:45,86
2022-06-10 16:42:46,72
2022-06-10 16:42:47,67
2022-06-10 16:42:48,41
2022-06-10 16:42:49,51
2022-06-10 16:42:50,61
2022-06-10 16:42:51,61
2022-06-10 16:42:52,51
2022-06-10 16:42:53,68
2022-06-10 16:42:54,56
2022-06-10 16:42:55,71
2022-06-10 16:42:56,45
2022-06-10 16:42:57,47
2022-06-10 16:42:58,61
2022-06-10 16:42:59,58
2022-06-10 16:43:00,77
2022-06-10 16:43:01,66
2022-06-10 16:43:02,54
2022-06-10 16:43:03,43
2022-06-10 16:43:04,42
2022-06-10 16:43:05,41
2022-06-10 16:43:06,41
2022-06-10 16:43:07,47
2022-06-10 16:43:08,46
2022-06-10 16:43:09,41
2022-06-10 16:43:10,42
2022-06-10 16:43:11,57
2022-06-10 16:43:12,57
2022-06-10 16:43:13,63
2022-06-10 16:43:14,51
2022-06-10 16:43:15,76
2022-06-10 16:43:16,52
2022-06-10 16:43:17,48
2022-06-10 16:43:18,42
2022-06-10 16:43:19,36
2022-06-10 16:43:20,40
2022-06-10 16:43:21,43
2022-06-10 16:43:22,50
2022-06-10 16:43:23,47
2022-06-10 16:43:24,66
2022-06-10 16:43:25,52
2022-06-10 16:43:26,45
2022-06-10 16:43:27,40
2022-06-10 16:43:28,35
2022-06-10 16:43:29,34
2022-06-10 16:43:30,33
2022-06-10 16:43:31,40
2022-06-10 16:43:32,46
2022-06-10 16:43:33,33
2022-06-10 16:43:34,9
